# ************************************************************
# Sequel Pro SQL dump
# Version 4541
#
# http://www.sequelpro.com/
# https://github.com/sequelpro/sequelpro
#
# Host: localhost (MySQL 5.7.23)
# Database: taglog
# Generation Time: 2019-12-10 09:18:49 +0000
# ************************************************************


/*!40101 SET @OLD_CHARACTER_SET_CLIENT=@@CHARACTER_SET_CLIENT */;
/*!40101 SET @OLD_CHARACTER_SET_RESULTS=@@CHARACTER_SET_RESULTS */;
/*!40101 SET @OLD_COLLATION_CONNECTION=@@COLLATION_CONNECTION */;
/*!40101 SET NAMES utf8 */;
/*!40014 SET @OLD_FOREIGN_KEY_CHECKS=@@FOREIGN_KEY_CHECKS, FOREIGN_KEY_CHECKS=0 */;
/*!40101 SET @OLD_SQL_MODE=@@SQL_MODE, SQL_MODE='NO_AUTO_VALUE_ON_ZERO' */;
/*!40111 SET @OLD_SQL_NOTES=@@SQL_NOTES, SQL_NOTES=0 */;


# Dump of table agent_country
# ------------------------------------------------------------

DROP TABLE IF EXISTS `agent_country`;

CREATE TABLE `agent_country` (
  `agent_id` int(10) unsigned NOT NULL,
  `country_id` int(10) unsigned NOT NULL,
  KEY `agent_id_fk_698152` (`agent_id`),
  KEY `country_id_fk_698152` (`country_id`),
  CONSTRAINT `agent_id_fk_698152` FOREIGN KEY (`agent_id`) REFERENCES `agents` (`id`) ON DELETE CASCADE,
  CONSTRAINT `country_id_fk_698152` FOREIGN KEY (`country_id`) REFERENCES `countries` (`id`) ON DELETE CASCADE
) ENGINE=InnoDB DEFAULT CHARSET=utf8mb4 COLLATE=utf8mb4_unicode_ci;



# Dump of table agent_employer
# ------------------------------------------------------------

DROP TABLE IF EXISTS `agent_employer`;

CREATE TABLE `agent_employer` (
  `employer_id` int(10) unsigned NOT NULL,
  `agent_id` int(10) unsigned NOT NULL,
  KEY `employer_id_fk_698172` (`employer_id`),
  KEY `agent_id_fk_698172` (`agent_id`),
  CONSTRAINT `agent_id_fk_698172` FOREIGN KEY (`agent_id`) REFERENCES `agents` (`id`) ON DELETE CASCADE,
  CONSTRAINT `employer_id_fk_698172` FOREIGN KEY (`employer_id`) REFERENCES `employers` (`id`) ON DELETE CASCADE
) ENGINE=InnoDB DEFAULT CHARSET=utf8mb4 COLLATE=utf8mb4_unicode_ci;



# Dump of table agent_industry
# ------------------------------------------------------------

DROP TABLE IF EXISTS `agent_industry`;

CREATE TABLE `agent_industry` (
  `agent_id` int(10) unsigned NOT NULL,
  `industry_id` int(10) unsigned NOT NULL,
  KEY `agent_id_fk_698153` (`agent_id`),
  KEY `industry_id_fk_698153` (`industry_id`),
  CONSTRAINT `agent_id_fk_698153` FOREIGN KEY (`agent_id`) REFERENCES `agents` (`id`) ON DELETE CASCADE,
  CONSTRAINT `industry_id_fk_698153` FOREIGN KEY (`industry_id`) REFERENCES `industries` (`id`) ON DELETE CASCADE
) ENGINE=InnoDB DEFAULT CHARSET=utf8mb4 COLLATE=utf8mb4_unicode_ci;



# Dump of table agent_user
# ------------------------------------------------------------

DROP TABLE IF EXISTS `agent_user`;

CREATE TABLE `agent_user` (
  `agent_id` int(10) unsigned NOT NULL,
  `user_id` int(10) unsigned NOT NULL,
  KEY `agent_id_fk_698207` (`agent_id`),
  KEY `user_id_fk_698207` (`user_id`),
  CONSTRAINT `agent_id_fk_698207` FOREIGN KEY (`agent_id`) REFERENCES `agents` (`id`) ON DELETE CASCADE,
  CONSTRAINT `user_id_fk_698207` FOREIGN KEY (`user_id`) REFERENCES `users` (`id`) ON DELETE CASCADE
) ENGINE=InnoDB DEFAULT CHARSET=utf8mb4 COLLATE=utf8mb4_unicode_ci;



# Dump of table agents
# ------------------------------------------------------------

DROP TABLE IF EXISTS `agents`;

CREATE TABLE `agents` (
  `id` int(10) unsigned NOT NULL AUTO_INCREMENT,
  `name` varchar(255) COLLATE utf8mb4_unicode_ci DEFAULT NULL,
  `address` longtext COLLATE utf8mb4_unicode_ci,
  `email` varchar(255) COLLATE utf8mb4_unicode_ci NOT NULL,
  `phone` varchar(255) COLLATE utf8mb4_unicode_ci DEFAULT NULL,
  `map` longtext COLLATE utf8mb4_unicode_ci,
  `interview_period` varchar(255) COLLATE utf8mb4_unicode_ci DEFAULT NULL,
  `total_expense` decimal(15,2) DEFAULT NULL,
  `language_level` varchar(255) COLLATE utf8mb4_unicode_ci DEFAULT NULL,
  `leaving_period` varchar(255) COLLATE utf8mb4_unicode_ci DEFAULT NULL,
  `workers_sent` int(11) DEFAULT NULL,
  `banner_titile` varchar(255) COLLATE utf8mb4_unicode_ci DEFAULT NULL,
  `banner_text` longtext COLLATE utf8mb4_unicode_ci,
  `created_at` timestamp NULL DEFAULT NULL,
  `updated_at` timestamp NULL DEFAULT NULL,
  `deleted_at` timestamp NULL DEFAULT NULL,
  PRIMARY KEY (`id`),
  UNIQUE KEY `agents_email_unique` (`email`)
) ENGINE=InnoDB DEFAULT CHARSET=utf8mb4 COLLATE=utf8mb4_unicode_ci;



# Dump of table categories
# ------------------------------------------------------------

DROP TABLE IF EXISTS `categories`;

CREATE TABLE `categories` (
  `id` int(10) unsigned NOT NULL AUTO_INCREMENT,
  `name` varchar(255) COLLATE utf8mb4_unicode_ci NOT NULL,
  `icon` varchar(255) COLLATE utf8mb4_unicode_ci DEFAULT NULL,
  `created_at` timestamp NULL DEFAULT NULL,
  `updated_at` timestamp NULL DEFAULT NULL,
  `deleted_at` timestamp NULL DEFAULT NULL,
  PRIMARY KEY (`id`)
) ENGINE=InnoDB DEFAULT CHARSET=utf8mb4 COLLATE=utf8mb4_unicode_ci;

LOCK TABLES `categories` WRITE;
/*!40000 ALTER TABLE `categories` DISABLE KEYS */;

INSERT INTO `categories` (`id`, `name`, `icon`, `created_at`, `updated_at`, `deleted_at`)
VALUES
	(1,'Car Industry','fa fa-car','2019-12-08 12:41:50','2019-12-08 12:41:50',NULL);

/*!40000 ALTER TABLE `categories` ENABLE KEYS */;
UNLOCK TABLES;


# Dump of table category_company
# ------------------------------------------------------------

DROP TABLE IF EXISTS `category_company`;

CREATE TABLE `category_company` (
  `company_id` int(10) unsigned NOT NULL,
  `category_id` int(10) unsigned NOT NULL,
  KEY `company_id_fk_344255` (`company_id`),
  KEY `category_id_fk_344255` (`category_id`),
  CONSTRAINT `category_id_fk_344255` FOREIGN KEY (`category_id`) REFERENCES `categories` (`id`) ON DELETE CASCADE,
  CONSTRAINT `company_id_fk_344255` FOREIGN KEY (`company_id`) REFERENCES `companies` (`id`) ON DELETE CASCADE
) ENGINE=InnoDB DEFAULT CHARSET=utf8mb4 COLLATE=utf8mb4_unicode_ci;

LOCK TABLES `category_company` WRITE;
/*!40000 ALTER TABLE `category_company` DISABLE KEYS */;

INSERT INTO `category_company` (`company_id`, `category_id`)
VALUES
	(1,1),
	(2,1);

/*!40000 ALTER TABLE `category_company` ENABLE KEYS */;
UNLOCK TABLES;


# Dump of table cities
# ------------------------------------------------------------

DROP TABLE IF EXISTS `cities`;

CREATE TABLE `cities` (
  `id` int(10) unsigned NOT NULL AUTO_INCREMENT,
  `name` varchar(255) COLLATE utf8mb4_unicode_ci NOT NULL,
  `created_at` timestamp NULL DEFAULT NULL,
  `updated_at` timestamp NULL DEFAULT NULL,
  `deleted_at` timestamp NULL DEFAULT NULL,
  PRIMARY KEY (`id`)
) ENGINE=InnoDB DEFAULT CHARSET=utf8mb4 COLLATE=utf8mb4_unicode_ci;

LOCK TABLES `cities` WRITE;
/*!40000 ALTER TABLE `cities` DISABLE KEYS */;

INSERT INTO `cities` (`id`, `name`, `created_at`, `updated_at`, `deleted_at`)
VALUES
	(1,'Dhaka','2019-12-08 12:56:22','2019-12-08 12:56:22',NULL);

/*!40000 ALTER TABLE `cities` ENABLE KEYS */;
UNLOCK TABLES;


# Dump of table comments
# ------------------------------------------------------------

DROP TABLE IF EXISTS `comments`;

CREATE TABLE `comments` (
  `id` int(10) unsigned NOT NULL AUTO_INCREMENT,
  `rating` double(15,2) DEFAULT NULL,
  `comment_type` varchar(255) COLLATE utf8mb4_unicode_ci NOT NULL,
  `comment` longtext COLLATE utf8mb4_unicode_ci,
  `commentable_type` varchar(255) COLLATE utf8mb4_unicode_ci DEFAULT NULL,
  `commentable` varchar(255) COLLATE utf8mb4_unicode_ci DEFAULT NULL,
  `approved` int(11) DEFAULT NULL,
  `created_at` timestamp NULL DEFAULT NULL,
  `updated_at` timestamp NULL DEFAULT NULL,
  `deleted_at` timestamp NULL DEFAULT NULL,
  PRIMARY KEY (`id`)
) ENGINE=InnoDB DEFAULT CHARSET=utf8mb4 COLLATE=utf8mb4_unicode_ci;



# Dump of table companies
# ------------------------------------------------------------

DROP TABLE IF EXISTS `companies`;

CREATE TABLE `companies` (
  `id` int(10) unsigned NOT NULL AUTO_INCREMENT,
  `name` varchar(255) COLLATE utf8mb4_unicode_ci NOT NULL,
  `address` varchar(255) COLLATE utf8mb4_unicode_ci DEFAULT NULL,
  `description` longtext COLLATE utf8mb4_unicode_ci,
  `city_id` int(11) NOT NULL,
  `created_at` timestamp NULL DEFAULT NULL,
  `updated_at` timestamp NULL DEFAULT NULL,
  `deleted_at` timestamp NULL DEFAULT NULL,
  PRIMARY KEY (`id`)
) ENGINE=InnoDB DEFAULT CHARSET=utf8mb4 COLLATE=utf8mb4_unicode_ci;

LOCK TABLES `companies` WRITE;
/*!40000 ALTER TABLE `companies` DISABLE KEYS */;

INSERT INTO `companies` (`id`, `name`, `address`, `description`, `city_id`, `created_at`, `updated_at`, `deleted_at`)
VALUES
	(1,'Continental Motors','191/1, Rahman\'s Regnum Center, Ground Floor, Bit Uttam Mir Shawkat Road  Tejgaon C/A,','Continental Motors is a premium luxury car importer that aims to serve those who truly appreciate luxury automobiles. We primarily import high end cars of the highest grades. Working closely with some of the biggest Automobile manufacturers of the world, we offer the best selection and also the most extensive customization options. We also have the necessary software, training and technical know-how to provide full service support for all European manufacturers. This makes Continental Motors the only luxury high end automobile importer in Bangladesh that provides full warranty on all vehicles imported with complete technical capacity.',1,'2019-12-08 13:00:25','2019-12-08 13:00:25',NULL);

/*!40000 ALTER TABLE `companies` ENABLE KEYS */;
UNLOCK TABLES;


# Dump of table countries
# ------------------------------------------------------------

DROP TABLE IF EXISTS `countries`;

CREATE TABLE `countries` (
  `id` int(10) unsigned NOT NULL AUTO_INCREMENT,
  `name` varchar(255) COLLATE utf8mb4_unicode_ci NOT NULL,
  `short_code` varchar(255) COLLATE utf8mb4_unicode_ci NOT NULL,
  `language` varchar(255) COLLATE utf8mb4_unicode_ci DEFAULT NULL,
  `currency` varchar(255) COLLATE utf8mb4_unicode_ci DEFAULT NULL,
  `religion` longtext COLLATE utf8mb4_unicode_ci,
  `description` longtext COLLATE utf8mb4_unicode_ci,
  `safe_food` varchar(255) COLLATE utf8mb4_unicode_ci DEFAULT NULL,
  `food` longtext COLLATE utf8mb4_unicode_ci,
  `safe_medicine` varchar(255) COLLATE utf8mb4_unicode_ci DEFAULT NULL,
  `health_insurance` longtext COLLATE utf8mb4_unicode_ci,
  `healthcare` longtext COLLATE utf8mb4_unicode_ci,
  `taxi_available` varchar(255) COLLATE utf8mb4_unicode_ci DEFAULT NULL,
  `transport` longtext COLLATE utf8mb4_unicode_ci,
  `culture` longtext COLLATE utf8mb4_unicode_ci,
  `politics` longtext COLLATE utf8mb4_unicode_ci,
  `created_at` timestamp NULL DEFAULT NULL,
  `updated_at` timestamp NULL DEFAULT NULL,
  `deleted_at` timestamp NULL DEFAULT NULL,
  PRIMARY KEY (`id`)
) ENGINE=InnoDB DEFAULT CHARSET=utf8mb4 COLLATE=utf8mb4_unicode_ci;

LOCK TABLES `countries` WRITE;
/*!40000 ALTER TABLE `countries` DISABLE KEYS */;

INSERT INTO `countries` (`id`, `name`, `short_code`, `language`, `currency`, `religion`, `description`, `safe_food`, `food`, `safe_medicine`, `health_insurance`, `healthcare`, `taxi_available`, `transport`, `culture`, `politics`, `created_at`, `updated_at`, `deleted_at`)
VALUES
	(1,'Afghanistan','af',NULL,NULL,NULL,NULL,NULL,NULL,NULL,NULL,NULL,NULL,NULL,NULL,NULL,NULL,NULL,NULL),
	(2,'Albania','al',NULL,NULL,NULL,NULL,NULL,NULL,NULL,NULL,NULL,NULL,NULL,NULL,NULL,NULL,NULL,NULL),
	(3,'Algeria','dz',NULL,NULL,NULL,NULL,NULL,NULL,NULL,NULL,NULL,NULL,NULL,NULL,NULL,NULL,NULL,NULL),
	(4,'American Samoa','as',NULL,NULL,NULL,NULL,NULL,NULL,NULL,NULL,NULL,NULL,NULL,NULL,NULL,NULL,NULL,NULL),
	(5,'Andorra','ad',NULL,NULL,NULL,NULL,NULL,NULL,NULL,NULL,NULL,NULL,NULL,NULL,NULL,NULL,NULL,NULL),
	(6,'Angola','ao',NULL,NULL,NULL,NULL,NULL,NULL,NULL,NULL,NULL,NULL,NULL,NULL,NULL,NULL,NULL,NULL),
	(7,'Anguilla','ai',NULL,NULL,NULL,NULL,NULL,NULL,NULL,NULL,NULL,NULL,NULL,NULL,NULL,NULL,NULL,NULL),
	(8,'Antarctica','aq',NULL,NULL,NULL,NULL,NULL,NULL,NULL,NULL,NULL,NULL,NULL,NULL,NULL,NULL,NULL,NULL),
	(9,'Antigua and Barbuda','ag',NULL,NULL,NULL,NULL,NULL,NULL,NULL,NULL,NULL,NULL,NULL,NULL,NULL,NULL,NULL,NULL),
	(10,'Argentina','ar',NULL,NULL,NULL,NULL,NULL,NULL,NULL,NULL,NULL,NULL,NULL,NULL,NULL,NULL,NULL,NULL),
	(11,'Armenia','am',NULL,NULL,NULL,NULL,NULL,NULL,NULL,NULL,NULL,NULL,NULL,NULL,NULL,NULL,NULL,NULL),
	(12,'Aruba','aw',NULL,NULL,NULL,NULL,NULL,NULL,NULL,NULL,NULL,NULL,NULL,NULL,NULL,NULL,NULL,NULL),
	(13,'Australia','au',NULL,NULL,NULL,NULL,NULL,NULL,NULL,NULL,NULL,NULL,NULL,NULL,NULL,NULL,NULL,NULL),
	(14,'Austria','at',NULL,NULL,NULL,NULL,NULL,NULL,NULL,NULL,NULL,NULL,NULL,NULL,NULL,NULL,NULL,NULL),
	(15,'Azerbaijan','az',NULL,NULL,NULL,NULL,NULL,NULL,NULL,NULL,NULL,NULL,NULL,NULL,NULL,NULL,NULL,NULL),
	(16,'Bahamas','bs',NULL,NULL,NULL,NULL,NULL,NULL,NULL,NULL,NULL,NULL,NULL,NULL,NULL,NULL,NULL,NULL),
	(17,'Bahrain','bh',NULL,NULL,NULL,NULL,NULL,NULL,NULL,NULL,NULL,NULL,NULL,NULL,NULL,NULL,NULL,NULL),
	(18,'Bangladesh','bd',NULL,NULL,NULL,NULL,NULL,NULL,NULL,NULL,NULL,NULL,NULL,NULL,NULL,NULL,NULL,NULL),
	(19,'Barbados','bb',NULL,NULL,NULL,NULL,NULL,NULL,NULL,NULL,NULL,NULL,NULL,NULL,NULL,NULL,NULL,NULL),
	(20,'Belarus','by',NULL,NULL,NULL,NULL,NULL,NULL,NULL,NULL,NULL,NULL,NULL,NULL,NULL,NULL,NULL,NULL),
	(21,'Belgium','be',NULL,NULL,NULL,NULL,NULL,NULL,NULL,NULL,NULL,NULL,NULL,NULL,NULL,NULL,NULL,NULL),
	(22,'Belize','bz',NULL,NULL,NULL,NULL,NULL,NULL,NULL,NULL,NULL,NULL,NULL,NULL,NULL,NULL,NULL,NULL),
	(23,'Benin','bj',NULL,NULL,NULL,NULL,NULL,NULL,NULL,NULL,NULL,NULL,NULL,NULL,NULL,NULL,NULL,NULL),
	(24,'Bermuda','bm',NULL,NULL,NULL,NULL,NULL,NULL,NULL,NULL,NULL,NULL,NULL,NULL,NULL,NULL,NULL,NULL),
	(25,'Bhutan','bt',NULL,NULL,NULL,NULL,NULL,NULL,NULL,NULL,NULL,NULL,NULL,NULL,NULL,NULL,NULL,NULL),
	(26,'Bolivia','bo',NULL,NULL,NULL,NULL,NULL,NULL,NULL,NULL,NULL,NULL,NULL,NULL,NULL,NULL,NULL,NULL),
	(27,'Bosnia and Herzegovina','ba',NULL,NULL,NULL,NULL,NULL,NULL,NULL,NULL,NULL,NULL,NULL,NULL,NULL,NULL,NULL,NULL),
	(28,'Botswana','bw',NULL,NULL,NULL,NULL,NULL,NULL,NULL,NULL,NULL,NULL,NULL,NULL,NULL,NULL,NULL,NULL),
	(29,'Brazil','br',NULL,NULL,NULL,NULL,NULL,NULL,NULL,NULL,NULL,NULL,NULL,NULL,NULL,NULL,NULL,NULL),
	(30,'British Indian Ocean Territory','io',NULL,NULL,NULL,NULL,NULL,NULL,NULL,NULL,NULL,NULL,NULL,NULL,NULL,NULL,NULL,NULL),
	(31,'British Virgin Islands','vg',NULL,NULL,NULL,NULL,NULL,NULL,NULL,NULL,NULL,NULL,NULL,NULL,NULL,NULL,NULL,NULL),
	(32,'Brunei','bn',NULL,NULL,NULL,NULL,NULL,NULL,NULL,NULL,NULL,NULL,NULL,NULL,NULL,NULL,NULL,NULL),
	(33,'Bulgaria','bg',NULL,NULL,NULL,NULL,NULL,NULL,NULL,NULL,NULL,NULL,NULL,NULL,NULL,NULL,NULL,NULL),
	(34,'Burkina Faso','bf',NULL,NULL,NULL,NULL,NULL,NULL,NULL,NULL,NULL,NULL,NULL,NULL,NULL,NULL,NULL,NULL),
	(35,'Burundi','bi',NULL,NULL,NULL,NULL,NULL,NULL,NULL,NULL,NULL,NULL,NULL,NULL,NULL,NULL,NULL,NULL),
	(36,'Cambodia','kh',NULL,NULL,NULL,NULL,NULL,NULL,NULL,NULL,NULL,NULL,NULL,NULL,NULL,NULL,NULL,NULL),
	(37,'Cameroon','cm',NULL,NULL,NULL,NULL,NULL,NULL,NULL,NULL,NULL,NULL,NULL,NULL,NULL,NULL,NULL,NULL),
	(38,'Canada','ca',NULL,NULL,NULL,NULL,NULL,NULL,NULL,NULL,NULL,NULL,NULL,NULL,NULL,NULL,NULL,NULL),
	(39,'Cape Verde','cv',NULL,NULL,NULL,NULL,NULL,NULL,NULL,NULL,NULL,NULL,NULL,NULL,NULL,NULL,NULL,NULL),
	(40,'Cayman Islands','ky',NULL,NULL,NULL,NULL,NULL,NULL,NULL,NULL,NULL,NULL,NULL,NULL,NULL,NULL,NULL,NULL),
	(41,'Central African Republic','cf',NULL,NULL,NULL,NULL,NULL,NULL,NULL,NULL,NULL,NULL,NULL,NULL,NULL,NULL,NULL,NULL),
	(42,'Chad','td',NULL,NULL,NULL,NULL,NULL,NULL,NULL,NULL,NULL,NULL,NULL,NULL,NULL,NULL,NULL,NULL),
	(43,'Chile','cl',NULL,NULL,NULL,NULL,NULL,NULL,NULL,NULL,NULL,NULL,NULL,NULL,NULL,NULL,NULL,NULL),
	(44,'China','cn',NULL,NULL,NULL,NULL,NULL,NULL,NULL,NULL,NULL,NULL,NULL,NULL,NULL,NULL,NULL,NULL),
	(45,'Christmas Island','cx',NULL,NULL,NULL,NULL,NULL,NULL,NULL,NULL,NULL,NULL,NULL,NULL,NULL,NULL,NULL,NULL),
	(46,'Cocos Islands','cc',NULL,NULL,NULL,NULL,NULL,NULL,NULL,NULL,NULL,NULL,NULL,NULL,NULL,NULL,NULL,NULL),
	(47,'Colombia','co',NULL,NULL,NULL,NULL,NULL,NULL,NULL,NULL,NULL,NULL,NULL,NULL,NULL,NULL,NULL,NULL),
	(48,'Comoros','km',NULL,NULL,NULL,NULL,NULL,NULL,NULL,NULL,NULL,NULL,NULL,NULL,NULL,NULL,NULL,NULL),
	(49,'Cook Islands','ck',NULL,NULL,NULL,NULL,NULL,NULL,NULL,NULL,NULL,NULL,NULL,NULL,NULL,NULL,NULL,NULL),
	(50,'Costa Rica','cr',NULL,NULL,NULL,NULL,NULL,NULL,NULL,NULL,NULL,NULL,NULL,NULL,NULL,NULL,NULL,NULL),
	(51,'Croatia','hr',NULL,NULL,NULL,NULL,NULL,NULL,NULL,NULL,NULL,NULL,NULL,NULL,NULL,NULL,NULL,NULL),
	(52,'Cuba','cu',NULL,NULL,NULL,NULL,NULL,NULL,NULL,NULL,NULL,NULL,NULL,NULL,NULL,NULL,NULL,NULL),
	(53,'Curacao','cw',NULL,NULL,NULL,NULL,NULL,NULL,NULL,NULL,NULL,NULL,NULL,NULL,NULL,NULL,NULL,NULL),
	(54,'Cyprus','cy',NULL,NULL,NULL,NULL,NULL,NULL,NULL,NULL,NULL,NULL,NULL,NULL,NULL,NULL,NULL,NULL),
	(55,'Czech Republic','cz',NULL,NULL,NULL,NULL,NULL,NULL,NULL,NULL,NULL,NULL,NULL,NULL,NULL,NULL,NULL,NULL),
	(56,'Democratic Republic of the Congo','cd',NULL,NULL,NULL,NULL,NULL,NULL,NULL,NULL,NULL,NULL,NULL,NULL,NULL,NULL,NULL,NULL),
	(57,'Denmark','dk',NULL,NULL,NULL,NULL,NULL,NULL,NULL,NULL,NULL,NULL,NULL,NULL,NULL,NULL,NULL,NULL),
	(58,'Djibouti','dj',NULL,NULL,NULL,NULL,NULL,NULL,NULL,NULL,NULL,NULL,NULL,NULL,NULL,NULL,NULL,NULL),
	(59,'Dominica','dm',NULL,NULL,NULL,NULL,NULL,NULL,NULL,NULL,NULL,NULL,NULL,NULL,NULL,NULL,NULL,NULL),
	(60,'Dominican Republic','do',NULL,NULL,NULL,NULL,NULL,NULL,NULL,NULL,NULL,NULL,NULL,NULL,NULL,NULL,NULL,NULL),
	(61,'East Timor','tl',NULL,NULL,NULL,NULL,NULL,NULL,NULL,NULL,NULL,NULL,NULL,NULL,NULL,NULL,NULL,NULL),
	(62,'Ecuador','ec',NULL,NULL,NULL,NULL,NULL,NULL,NULL,NULL,NULL,NULL,NULL,NULL,NULL,NULL,NULL,NULL),
	(63,'Egypt','eg',NULL,NULL,NULL,NULL,NULL,NULL,NULL,NULL,NULL,NULL,NULL,NULL,NULL,NULL,NULL,NULL),
	(64,'El Salvador','sv',NULL,NULL,NULL,NULL,NULL,NULL,NULL,NULL,NULL,NULL,NULL,NULL,NULL,NULL,NULL,NULL),
	(65,'Equatorial Guinea','gq',NULL,NULL,NULL,NULL,NULL,NULL,NULL,NULL,NULL,NULL,NULL,NULL,NULL,NULL,NULL,NULL),
	(66,'Eritrea','er',NULL,NULL,NULL,NULL,NULL,NULL,NULL,NULL,NULL,NULL,NULL,NULL,NULL,NULL,NULL,NULL),
	(67,'Estonia','ee',NULL,NULL,NULL,NULL,NULL,NULL,NULL,NULL,NULL,NULL,NULL,NULL,NULL,NULL,NULL,NULL),
	(68,'Ethiopia','et',NULL,NULL,NULL,NULL,NULL,NULL,NULL,NULL,NULL,NULL,NULL,NULL,NULL,NULL,NULL,NULL),
	(69,'Falkland Islands','fk',NULL,NULL,NULL,NULL,NULL,NULL,NULL,NULL,NULL,NULL,NULL,NULL,NULL,NULL,NULL,NULL),
	(70,'Faroe Islands','fo',NULL,NULL,NULL,NULL,NULL,NULL,NULL,NULL,NULL,NULL,NULL,NULL,NULL,NULL,NULL,NULL),
	(71,'Fiji','fj',NULL,NULL,NULL,NULL,NULL,NULL,NULL,NULL,NULL,NULL,NULL,NULL,NULL,NULL,NULL,NULL),
	(72,'Finland','fi',NULL,NULL,NULL,NULL,NULL,NULL,NULL,NULL,NULL,NULL,NULL,NULL,NULL,NULL,NULL,NULL),
	(73,'France','fr',NULL,NULL,NULL,NULL,NULL,NULL,NULL,NULL,NULL,NULL,NULL,NULL,NULL,NULL,NULL,NULL),
	(74,'French Polynesia','pf',NULL,NULL,NULL,NULL,NULL,NULL,NULL,NULL,NULL,NULL,NULL,NULL,NULL,NULL,NULL,NULL),
	(75,'Gabon','ga',NULL,NULL,NULL,NULL,NULL,NULL,NULL,NULL,NULL,NULL,NULL,NULL,NULL,NULL,NULL,NULL),
	(76,'Gambia','gm',NULL,NULL,NULL,NULL,NULL,NULL,NULL,NULL,NULL,NULL,NULL,NULL,NULL,NULL,NULL,NULL),
	(77,'Georgia','ge',NULL,NULL,NULL,NULL,NULL,NULL,NULL,NULL,NULL,NULL,NULL,NULL,NULL,NULL,NULL,NULL),
	(78,'Germany','de',NULL,NULL,NULL,NULL,NULL,NULL,NULL,NULL,NULL,NULL,NULL,NULL,NULL,NULL,NULL,NULL),
	(79,'Ghana','gh',NULL,NULL,NULL,NULL,NULL,NULL,NULL,NULL,NULL,NULL,NULL,NULL,NULL,NULL,NULL,NULL),
	(80,'Gibraltar','gi',NULL,NULL,NULL,NULL,NULL,NULL,NULL,NULL,NULL,NULL,NULL,NULL,NULL,NULL,NULL,NULL),
	(81,'Greece','gr',NULL,NULL,NULL,NULL,NULL,NULL,NULL,NULL,NULL,NULL,NULL,NULL,NULL,NULL,NULL,NULL),
	(82,'Greenland','gl',NULL,NULL,NULL,NULL,NULL,NULL,NULL,NULL,NULL,NULL,NULL,NULL,NULL,NULL,NULL,NULL),
	(83,'Grenada','gd',NULL,NULL,NULL,NULL,NULL,NULL,NULL,NULL,NULL,NULL,NULL,NULL,NULL,NULL,NULL,NULL),
	(84,'Guam','gu',NULL,NULL,NULL,NULL,NULL,NULL,NULL,NULL,NULL,NULL,NULL,NULL,NULL,NULL,NULL,NULL),
	(85,'Guatemala','gt',NULL,NULL,NULL,NULL,NULL,NULL,NULL,NULL,NULL,NULL,NULL,NULL,NULL,NULL,NULL,NULL),
	(86,'Guernsey','gg',NULL,NULL,NULL,NULL,NULL,NULL,NULL,NULL,NULL,NULL,NULL,NULL,NULL,NULL,NULL,NULL),
	(87,'Guinea','gn',NULL,NULL,NULL,NULL,NULL,NULL,NULL,NULL,NULL,NULL,NULL,NULL,NULL,NULL,NULL,NULL),
	(88,'Guinea-Bissau','gw',NULL,NULL,NULL,NULL,NULL,NULL,NULL,NULL,NULL,NULL,NULL,NULL,NULL,NULL,NULL,NULL),
	(89,'Guyana','gy',NULL,NULL,NULL,NULL,NULL,NULL,NULL,NULL,NULL,NULL,NULL,NULL,NULL,NULL,NULL,NULL),
	(90,'Haiti','ht',NULL,NULL,NULL,NULL,NULL,NULL,NULL,NULL,NULL,NULL,NULL,NULL,NULL,NULL,NULL,NULL),
	(91,'Honduras','hn',NULL,NULL,NULL,NULL,NULL,NULL,NULL,NULL,NULL,NULL,NULL,NULL,NULL,NULL,NULL,NULL),
	(92,'Hong Kong','hk',NULL,NULL,NULL,NULL,NULL,NULL,NULL,NULL,NULL,NULL,NULL,NULL,NULL,NULL,NULL,NULL),
	(93,'Hungary','hu',NULL,NULL,NULL,NULL,NULL,NULL,NULL,NULL,NULL,NULL,NULL,NULL,NULL,NULL,NULL,NULL),
	(94,'Iceland','is',NULL,NULL,NULL,NULL,NULL,NULL,NULL,NULL,NULL,NULL,NULL,NULL,NULL,NULL,NULL,NULL),
	(95,'India','in',NULL,NULL,NULL,NULL,NULL,NULL,NULL,NULL,NULL,NULL,NULL,NULL,NULL,NULL,NULL,NULL),
	(96,'Indonesia','id',NULL,NULL,NULL,NULL,NULL,NULL,NULL,NULL,NULL,NULL,NULL,NULL,NULL,NULL,NULL,NULL),
	(97,'Iran','ir',NULL,NULL,NULL,NULL,NULL,NULL,NULL,NULL,NULL,NULL,NULL,NULL,NULL,NULL,NULL,NULL),
	(98,'Iraq','iq',NULL,NULL,NULL,NULL,NULL,NULL,NULL,NULL,NULL,NULL,NULL,NULL,NULL,NULL,NULL,NULL),
	(99,'Ireland','ie',NULL,NULL,NULL,NULL,NULL,NULL,NULL,NULL,NULL,NULL,NULL,NULL,NULL,NULL,NULL,NULL),
	(100,'Isle of Man','im',NULL,NULL,NULL,NULL,NULL,NULL,NULL,NULL,NULL,NULL,NULL,NULL,NULL,NULL,NULL,NULL),
	(101,'Israel','il',NULL,NULL,NULL,NULL,NULL,NULL,NULL,NULL,NULL,NULL,NULL,NULL,NULL,NULL,NULL,NULL),
	(102,'Italy','it',NULL,NULL,NULL,NULL,NULL,NULL,NULL,NULL,NULL,NULL,NULL,NULL,NULL,NULL,NULL,NULL),
	(103,'Ivory Coast','ci',NULL,NULL,NULL,NULL,NULL,NULL,NULL,NULL,NULL,NULL,NULL,NULL,NULL,NULL,NULL,NULL),
	(104,'Jamaica','jm',NULL,NULL,NULL,NULL,NULL,NULL,NULL,NULL,NULL,NULL,NULL,NULL,NULL,NULL,NULL,NULL),
	(105,'Japan','jp',NULL,NULL,NULL,NULL,NULL,NULL,NULL,NULL,NULL,NULL,NULL,NULL,NULL,NULL,NULL,NULL),
	(106,'Jersey','je',NULL,NULL,NULL,NULL,NULL,NULL,NULL,NULL,NULL,NULL,NULL,NULL,NULL,NULL,NULL,NULL),
	(107,'Jordan','jo',NULL,NULL,NULL,NULL,NULL,NULL,NULL,NULL,NULL,NULL,NULL,NULL,NULL,NULL,NULL,NULL),
	(108,'Kazakhstan','kz',NULL,NULL,NULL,NULL,NULL,NULL,NULL,NULL,NULL,NULL,NULL,NULL,NULL,NULL,NULL,NULL),
	(109,'Kenya','ke',NULL,NULL,NULL,NULL,NULL,NULL,NULL,NULL,NULL,NULL,NULL,NULL,NULL,NULL,NULL,NULL),
	(110,'Kiribati','ki',NULL,NULL,NULL,NULL,NULL,NULL,NULL,NULL,NULL,NULL,NULL,NULL,NULL,NULL,NULL,NULL),
	(111,'Kosovo','xk',NULL,NULL,NULL,NULL,NULL,NULL,NULL,NULL,NULL,NULL,NULL,NULL,NULL,NULL,NULL,NULL),
	(112,'Kuwait','kw',NULL,NULL,NULL,NULL,NULL,NULL,NULL,NULL,NULL,NULL,NULL,NULL,NULL,NULL,NULL,NULL),
	(113,'Kyrgyzstan','kg',NULL,NULL,NULL,NULL,NULL,NULL,NULL,NULL,NULL,NULL,NULL,NULL,NULL,NULL,NULL,NULL),
	(114,'Laos','la',NULL,NULL,NULL,NULL,NULL,NULL,NULL,NULL,NULL,NULL,NULL,NULL,NULL,NULL,NULL,NULL),
	(115,'Latvia','lv',NULL,NULL,NULL,NULL,NULL,NULL,NULL,NULL,NULL,NULL,NULL,NULL,NULL,NULL,NULL,NULL),
	(116,'Lebanon','lb',NULL,NULL,NULL,NULL,NULL,NULL,NULL,NULL,NULL,NULL,NULL,NULL,NULL,NULL,NULL,NULL),
	(117,'Lesotho','ls',NULL,NULL,NULL,NULL,NULL,NULL,NULL,NULL,NULL,NULL,NULL,NULL,NULL,NULL,NULL,NULL),
	(118,'Liberia','lr',NULL,NULL,NULL,NULL,NULL,NULL,NULL,NULL,NULL,NULL,NULL,NULL,NULL,NULL,NULL,NULL),
	(119,'Libya','ly',NULL,NULL,NULL,NULL,NULL,NULL,NULL,NULL,NULL,NULL,NULL,NULL,NULL,NULL,NULL,NULL),
	(120,'Liechtenstein','li',NULL,NULL,NULL,NULL,NULL,NULL,NULL,NULL,NULL,NULL,NULL,NULL,NULL,NULL,NULL,NULL),
	(121,'Lithuania','lt',NULL,NULL,NULL,NULL,NULL,NULL,NULL,NULL,NULL,NULL,NULL,NULL,NULL,NULL,NULL,NULL),
	(122,'Luxembourg','lu',NULL,NULL,NULL,NULL,NULL,NULL,NULL,NULL,NULL,NULL,NULL,NULL,NULL,NULL,NULL,NULL),
	(123,'Macau','mo',NULL,NULL,NULL,NULL,NULL,NULL,NULL,NULL,NULL,NULL,NULL,NULL,NULL,NULL,NULL,NULL),
	(124,'Macedonia','mk',NULL,NULL,NULL,NULL,NULL,NULL,NULL,NULL,NULL,NULL,NULL,NULL,NULL,NULL,NULL,NULL),
	(125,'Madagascar','mg',NULL,NULL,NULL,NULL,NULL,NULL,NULL,NULL,NULL,NULL,NULL,NULL,NULL,NULL,NULL,NULL),
	(126,'Malawi','mw',NULL,NULL,NULL,NULL,NULL,NULL,NULL,NULL,NULL,NULL,NULL,NULL,NULL,NULL,NULL,NULL),
	(127,'Malaysia','my',NULL,NULL,NULL,NULL,NULL,NULL,NULL,NULL,NULL,NULL,NULL,NULL,NULL,NULL,NULL,NULL),
	(128,'Maldives','mv',NULL,NULL,NULL,NULL,NULL,NULL,NULL,NULL,NULL,NULL,NULL,NULL,NULL,NULL,NULL,NULL),
	(129,'Mali','ml',NULL,NULL,NULL,NULL,NULL,NULL,NULL,NULL,NULL,NULL,NULL,NULL,NULL,NULL,NULL,NULL),
	(130,'Malta','mt',NULL,NULL,NULL,NULL,NULL,NULL,NULL,NULL,NULL,NULL,NULL,NULL,NULL,NULL,NULL,NULL),
	(131,'Marshall Islands','mh',NULL,NULL,NULL,NULL,NULL,NULL,NULL,NULL,NULL,NULL,NULL,NULL,NULL,NULL,NULL,NULL),
	(132,'Mauritania','mr',NULL,NULL,NULL,NULL,NULL,NULL,NULL,NULL,NULL,NULL,NULL,NULL,NULL,NULL,NULL,NULL),
	(133,'Mauritius','mu',NULL,NULL,NULL,NULL,NULL,NULL,NULL,NULL,NULL,NULL,NULL,NULL,NULL,NULL,NULL,NULL),
	(134,'Mayotte','yt',NULL,NULL,NULL,NULL,NULL,NULL,NULL,NULL,NULL,NULL,NULL,NULL,NULL,NULL,NULL,NULL),
	(135,'Mexico','mx',NULL,NULL,NULL,NULL,NULL,NULL,NULL,NULL,NULL,NULL,NULL,NULL,NULL,NULL,NULL,NULL),
	(136,'Micronesia','fm',NULL,NULL,NULL,NULL,NULL,NULL,NULL,NULL,NULL,NULL,NULL,NULL,NULL,NULL,NULL,NULL),
	(137,'Moldova','md',NULL,NULL,NULL,NULL,NULL,NULL,NULL,NULL,NULL,NULL,NULL,NULL,NULL,NULL,NULL,NULL),
	(138,'Monaco','mc',NULL,NULL,NULL,NULL,NULL,NULL,NULL,NULL,NULL,NULL,NULL,NULL,NULL,NULL,NULL,NULL),
	(139,'Mongolia','mn',NULL,NULL,NULL,NULL,NULL,NULL,NULL,NULL,NULL,NULL,NULL,NULL,NULL,NULL,NULL,NULL),
	(140,'Montenegro','me',NULL,NULL,NULL,NULL,NULL,NULL,NULL,NULL,NULL,NULL,NULL,NULL,NULL,NULL,NULL,NULL),
	(141,'Montserrat','ms',NULL,NULL,NULL,NULL,NULL,NULL,NULL,NULL,NULL,NULL,NULL,NULL,NULL,NULL,NULL,NULL),
	(142,'Morocco','ma',NULL,NULL,NULL,NULL,NULL,NULL,NULL,NULL,NULL,NULL,NULL,NULL,NULL,NULL,NULL,NULL),
	(143,'Mozambique','mz',NULL,NULL,NULL,NULL,NULL,NULL,NULL,NULL,NULL,NULL,NULL,NULL,NULL,NULL,NULL,NULL),
	(144,'Myanmar','mm',NULL,NULL,NULL,NULL,NULL,NULL,NULL,NULL,NULL,NULL,NULL,NULL,NULL,NULL,NULL,NULL),
	(145,'Namibia','na',NULL,NULL,NULL,NULL,NULL,NULL,NULL,NULL,NULL,NULL,NULL,NULL,NULL,NULL,NULL,NULL),
	(146,'Nauru','nr',NULL,NULL,NULL,NULL,NULL,NULL,NULL,NULL,NULL,NULL,NULL,NULL,NULL,NULL,NULL,NULL),
	(147,'Nepal','np',NULL,NULL,NULL,NULL,NULL,NULL,NULL,NULL,NULL,NULL,NULL,NULL,NULL,NULL,NULL,NULL),
	(148,'Netherlands','nl',NULL,NULL,NULL,NULL,NULL,NULL,NULL,NULL,NULL,NULL,NULL,NULL,NULL,NULL,NULL,NULL),
	(149,'Netherlands Antilles','an',NULL,NULL,NULL,NULL,NULL,NULL,NULL,NULL,NULL,NULL,NULL,NULL,NULL,NULL,NULL,NULL),
	(150,'New Caledonia','nc',NULL,NULL,NULL,NULL,NULL,NULL,NULL,NULL,NULL,NULL,NULL,NULL,NULL,NULL,NULL,NULL),
	(151,'New Zealand','nz',NULL,NULL,NULL,NULL,NULL,NULL,NULL,NULL,NULL,NULL,NULL,NULL,NULL,NULL,NULL,NULL),
	(152,'Nicaragua','ni',NULL,NULL,NULL,NULL,NULL,NULL,NULL,NULL,NULL,NULL,NULL,NULL,NULL,NULL,NULL,NULL),
	(153,'Niger','ne',NULL,NULL,NULL,NULL,NULL,NULL,NULL,NULL,NULL,NULL,NULL,NULL,NULL,NULL,NULL,NULL),
	(154,'Nigeria','ng',NULL,NULL,NULL,NULL,NULL,NULL,NULL,NULL,NULL,NULL,NULL,NULL,NULL,NULL,NULL,NULL),
	(155,'Niue','nu',NULL,NULL,NULL,NULL,NULL,NULL,NULL,NULL,NULL,NULL,NULL,NULL,NULL,NULL,NULL,NULL),
	(156,'North Korea','kp',NULL,NULL,NULL,NULL,NULL,NULL,NULL,NULL,NULL,NULL,NULL,NULL,NULL,NULL,NULL,NULL),
	(157,'Northern Mariana Islands','mp',NULL,NULL,NULL,NULL,NULL,NULL,NULL,NULL,NULL,NULL,NULL,NULL,NULL,NULL,NULL,NULL),
	(158,'Norway','no',NULL,NULL,NULL,NULL,NULL,NULL,NULL,NULL,NULL,NULL,NULL,NULL,NULL,NULL,NULL,NULL),
	(159,'Oman','om',NULL,NULL,NULL,NULL,NULL,NULL,NULL,NULL,NULL,NULL,NULL,NULL,NULL,NULL,NULL,NULL),
	(160,'Pakistan','pk',NULL,NULL,NULL,NULL,NULL,NULL,NULL,NULL,NULL,NULL,NULL,NULL,NULL,NULL,NULL,NULL),
	(161,'Palau','pw',NULL,NULL,NULL,NULL,NULL,NULL,NULL,NULL,NULL,NULL,NULL,NULL,NULL,NULL,NULL,NULL),
	(162,'Palestine','ps',NULL,NULL,NULL,NULL,NULL,NULL,NULL,NULL,NULL,NULL,NULL,NULL,NULL,NULL,NULL,NULL),
	(163,'Panama','pa',NULL,NULL,NULL,NULL,NULL,NULL,NULL,NULL,NULL,NULL,NULL,NULL,NULL,NULL,NULL,NULL),
	(164,'Papua New Guinea','pg',NULL,NULL,NULL,NULL,NULL,NULL,NULL,NULL,NULL,NULL,NULL,NULL,NULL,NULL,NULL,NULL),
	(165,'Paraguay','py',NULL,NULL,NULL,NULL,NULL,NULL,NULL,NULL,NULL,NULL,NULL,NULL,NULL,NULL,NULL,NULL),
	(166,'Peru','pe',NULL,NULL,NULL,NULL,NULL,NULL,NULL,NULL,NULL,NULL,NULL,NULL,NULL,NULL,NULL,NULL),
	(167,'Philippines','ph',NULL,NULL,NULL,NULL,NULL,NULL,NULL,NULL,NULL,NULL,NULL,NULL,NULL,NULL,NULL,NULL),
	(168,'Pitcairn','pn',NULL,NULL,NULL,NULL,NULL,NULL,NULL,NULL,NULL,NULL,NULL,NULL,NULL,NULL,NULL,NULL),
	(169,'Poland','pl',NULL,NULL,NULL,NULL,NULL,NULL,NULL,NULL,NULL,NULL,NULL,NULL,NULL,NULL,NULL,NULL),
	(170,'Portugal','pt',NULL,NULL,NULL,NULL,NULL,NULL,NULL,NULL,NULL,NULL,NULL,NULL,NULL,NULL,NULL,NULL),
	(171,'Puerto Rico','pr',NULL,NULL,NULL,NULL,NULL,NULL,NULL,NULL,NULL,NULL,NULL,NULL,NULL,NULL,NULL,NULL),
	(172,'Qatar','qa',NULL,NULL,NULL,NULL,NULL,NULL,NULL,NULL,NULL,NULL,NULL,NULL,NULL,NULL,NULL,NULL),
	(173,'Republic of the Congo','cg',NULL,NULL,NULL,NULL,NULL,NULL,NULL,NULL,NULL,NULL,NULL,NULL,NULL,NULL,NULL,NULL),
	(174,'Reunion','re',NULL,NULL,NULL,NULL,NULL,NULL,NULL,NULL,NULL,NULL,NULL,NULL,NULL,NULL,NULL,NULL),
	(175,'Romania','ro',NULL,NULL,NULL,NULL,NULL,NULL,NULL,NULL,NULL,NULL,NULL,NULL,NULL,NULL,NULL,NULL),
	(176,'Russia','ru',NULL,NULL,NULL,NULL,NULL,NULL,NULL,NULL,NULL,NULL,NULL,NULL,NULL,NULL,NULL,NULL),
	(177,'Rwanda','rw',NULL,NULL,NULL,NULL,NULL,NULL,NULL,NULL,NULL,NULL,NULL,NULL,NULL,NULL,NULL,NULL),
	(178,'Saint Barthelemy','bl',NULL,NULL,NULL,NULL,NULL,NULL,NULL,NULL,NULL,NULL,NULL,NULL,NULL,NULL,NULL,NULL),
	(179,'Saint Helena','sh',NULL,NULL,NULL,NULL,NULL,NULL,NULL,NULL,NULL,NULL,NULL,NULL,NULL,NULL,NULL,NULL),
	(180,'Saint Kitts and Nevis','kn',NULL,NULL,NULL,NULL,NULL,NULL,NULL,NULL,NULL,NULL,NULL,NULL,NULL,NULL,NULL,NULL),
	(181,'Saint Lucia','lc',NULL,NULL,NULL,NULL,NULL,NULL,NULL,NULL,NULL,NULL,NULL,NULL,NULL,NULL,NULL,NULL),
	(182,'Saint Martin','mf',NULL,NULL,NULL,NULL,NULL,NULL,NULL,NULL,NULL,NULL,NULL,NULL,NULL,NULL,NULL,NULL),
	(183,'Saint Pierre and Miquelon','pm',NULL,NULL,NULL,NULL,NULL,NULL,NULL,NULL,NULL,NULL,NULL,NULL,NULL,NULL,NULL,NULL),
	(184,'Saint Vincent and the Grenadines','vc',NULL,NULL,NULL,NULL,NULL,NULL,NULL,NULL,NULL,NULL,NULL,NULL,NULL,NULL,NULL,NULL),
	(185,'Samoa','ws',NULL,NULL,NULL,NULL,NULL,NULL,NULL,NULL,NULL,NULL,NULL,NULL,NULL,NULL,NULL,NULL),
	(186,'San Marino','sm',NULL,NULL,NULL,NULL,NULL,NULL,NULL,NULL,NULL,NULL,NULL,NULL,NULL,NULL,NULL,NULL),
	(187,'Sao Tome and Principe','st',NULL,NULL,NULL,NULL,NULL,NULL,NULL,NULL,NULL,NULL,NULL,NULL,NULL,NULL,NULL,NULL),
	(188,'Saudi Arabia','sa',NULL,NULL,NULL,NULL,NULL,NULL,NULL,NULL,NULL,NULL,NULL,NULL,NULL,NULL,NULL,NULL),
	(189,'Senegal','sn',NULL,NULL,NULL,NULL,NULL,NULL,NULL,NULL,NULL,NULL,NULL,NULL,NULL,NULL,NULL,NULL),
	(190,'Serbia','rs',NULL,NULL,NULL,NULL,NULL,NULL,NULL,NULL,NULL,NULL,NULL,NULL,NULL,NULL,NULL,NULL),
	(191,'Seychelles','sc',NULL,NULL,NULL,NULL,NULL,NULL,NULL,NULL,NULL,NULL,NULL,NULL,NULL,NULL,NULL,NULL),
	(192,'Sierra Leone','sl',NULL,NULL,NULL,NULL,NULL,NULL,NULL,NULL,NULL,NULL,NULL,NULL,NULL,NULL,NULL,NULL),
	(193,'Singapore','sg',NULL,NULL,NULL,NULL,NULL,NULL,NULL,NULL,NULL,NULL,NULL,NULL,NULL,NULL,NULL,NULL),
	(194,'Sint Maarten','sx',NULL,NULL,NULL,NULL,NULL,NULL,NULL,NULL,NULL,NULL,NULL,NULL,NULL,NULL,NULL,NULL),
	(195,'Slovakia','sk',NULL,NULL,NULL,NULL,NULL,NULL,NULL,NULL,NULL,NULL,NULL,NULL,NULL,NULL,NULL,NULL),
	(196,'Slovenia','si',NULL,NULL,NULL,NULL,NULL,NULL,NULL,NULL,NULL,NULL,NULL,NULL,NULL,NULL,NULL,NULL),
	(197,'Solomon Islands','sb',NULL,NULL,NULL,NULL,NULL,NULL,NULL,NULL,NULL,NULL,NULL,NULL,NULL,NULL,NULL,NULL),
	(198,'Somalia','so',NULL,NULL,NULL,NULL,NULL,NULL,NULL,NULL,NULL,NULL,NULL,NULL,NULL,NULL,NULL,NULL),
	(199,'South Africa','za',NULL,NULL,NULL,NULL,NULL,NULL,NULL,NULL,NULL,NULL,NULL,NULL,NULL,NULL,NULL,NULL),
	(200,'South Korea','kr',NULL,NULL,NULL,NULL,NULL,NULL,NULL,NULL,NULL,NULL,NULL,NULL,NULL,NULL,NULL,NULL),
	(201,'South Sudan','ss',NULL,NULL,NULL,NULL,NULL,NULL,NULL,NULL,NULL,NULL,NULL,NULL,NULL,NULL,NULL,NULL),
	(202,'Spain','es',NULL,NULL,NULL,NULL,NULL,NULL,NULL,NULL,NULL,NULL,NULL,NULL,NULL,NULL,NULL,NULL),
	(203,'Sri Lanka','lk',NULL,NULL,NULL,NULL,NULL,NULL,NULL,NULL,NULL,NULL,NULL,NULL,NULL,NULL,NULL,NULL),
	(204,'Sudan','sd',NULL,NULL,NULL,NULL,NULL,NULL,NULL,NULL,NULL,NULL,NULL,NULL,NULL,NULL,NULL,NULL),
	(205,'Suriname','sr',NULL,NULL,NULL,NULL,NULL,NULL,NULL,NULL,NULL,NULL,NULL,NULL,NULL,NULL,NULL,NULL),
	(206,'Svalbard and Jan Mayen','sj',NULL,NULL,NULL,NULL,NULL,NULL,NULL,NULL,NULL,NULL,NULL,NULL,NULL,NULL,NULL,NULL),
	(207,'Swaziland','sz',NULL,NULL,NULL,NULL,NULL,NULL,NULL,NULL,NULL,NULL,NULL,NULL,NULL,NULL,NULL,NULL),
	(208,'Sweden','se',NULL,NULL,NULL,NULL,NULL,NULL,NULL,NULL,NULL,NULL,NULL,NULL,NULL,NULL,NULL,NULL),
	(209,'Switzerland','ch',NULL,NULL,NULL,NULL,NULL,NULL,NULL,NULL,NULL,NULL,NULL,NULL,NULL,NULL,NULL,NULL),
	(210,'Syria','sy',NULL,NULL,NULL,NULL,NULL,NULL,NULL,NULL,NULL,NULL,NULL,NULL,NULL,NULL,NULL,NULL),
	(211,'Taiwan','tw',NULL,NULL,NULL,NULL,NULL,NULL,NULL,NULL,NULL,NULL,NULL,NULL,NULL,NULL,NULL,NULL),
	(212,'Tajikistan','tj',NULL,NULL,NULL,NULL,NULL,NULL,NULL,NULL,NULL,NULL,NULL,NULL,NULL,NULL,NULL,NULL),
	(213,'Tanzania','tz',NULL,NULL,NULL,NULL,NULL,NULL,NULL,NULL,NULL,NULL,NULL,NULL,NULL,NULL,NULL,NULL),
	(214,'Thailand','th',NULL,NULL,NULL,NULL,NULL,NULL,NULL,NULL,NULL,NULL,NULL,NULL,NULL,NULL,NULL,NULL),
	(215,'Togo','tg',NULL,NULL,NULL,NULL,NULL,NULL,NULL,NULL,NULL,NULL,NULL,NULL,NULL,NULL,NULL,NULL),
	(216,'Tokelau','tk',NULL,NULL,NULL,NULL,NULL,NULL,NULL,NULL,NULL,NULL,NULL,NULL,NULL,NULL,NULL,NULL),
	(217,'Tonga','to',NULL,NULL,NULL,NULL,NULL,NULL,NULL,NULL,NULL,NULL,NULL,NULL,NULL,NULL,NULL,NULL),
	(218,'Trinidad and Tobago','tt',NULL,NULL,NULL,NULL,NULL,NULL,NULL,NULL,NULL,NULL,NULL,NULL,NULL,NULL,NULL,NULL),
	(219,'Tunisia','tn',NULL,NULL,NULL,NULL,NULL,NULL,NULL,NULL,NULL,NULL,NULL,NULL,NULL,NULL,NULL,NULL),
	(220,'Turkey','tr',NULL,NULL,NULL,NULL,NULL,NULL,NULL,NULL,NULL,NULL,NULL,NULL,NULL,NULL,NULL,NULL),
	(221,'Turkmenistan','tm',NULL,NULL,NULL,NULL,NULL,NULL,NULL,NULL,NULL,NULL,NULL,NULL,NULL,NULL,NULL,NULL),
	(222,'Turks and Caicos Islands','tc',NULL,NULL,NULL,NULL,NULL,NULL,NULL,NULL,NULL,NULL,NULL,NULL,NULL,NULL,NULL,NULL),
	(223,'Tuvalu','tv',NULL,NULL,NULL,NULL,NULL,NULL,NULL,NULL,NULL,NULL,NULL,NULL,NULL,NULL,NULL,NULL),
	(224,'U.S. Virgin Islands','vi',NULL,NULL,NULL,NULL,NULL,NULL,NULL,NULL,NULL,NULL,NULL,NULL,NULL,NULL,NULL,NULL),
	(225,'Uganda','ug',NULL,NULL,NULL,NULL,NULL,NULL,NULL,NULL,NULL,NULL,NULL,NULL,NULL,NULL,NULL,NULL),
	(226,'Ukraine','ua',NULL,NULL,NULL,NULL,NULL,NULL,NULL,NULL,NULL,NULL,NULL,NULL,NULL,NULL,NULL,NULL),
	(227,'United Arab Emirates','ae',NULL,NULL,NULL,NULL,NULL,NULL,NULL,NULL,NULL,NULL,NULL,NULL,NULL,NULL,NULL,NULL),
	(228,'United Kingdom','gb',NULL,NULL,NULL,NULL,NULL,NULL,NULL,NULL,NULL,NULL,NULL,NULL,NULL,NULL,NULL,NULL),
	(229,'United States','us',NULL,NULL,NULL,NULL,NULL,NULL,NULL,NULL,NULL,NULL,NULL,NULL,NULL,NULL,NULL,NULL),
	(230,'Uruguay','uy',NULL,NULL,NULL,NULL,NULL,NULL,NULL,NULL,NULL,NULL,NULL,NULL,NULL,NULL,NULL,NULL),
	(231,'Uzbekistan','uz',NULL,NULL,NULL,NULL,NULL,NULL,NULL,NULL,NULL,NULL,NULL,NULL,NULL,NULL,NULL,NULL),
	(232,'Vanuatu','vu',NULL,NULL,NULL,NULL,NULL,NULL,NULL,NULL,NULL,NULL,NULL,NULL,NULL,NULL,NULL,NULL),
	(233,'Vatican','va',NULL,NULL,NULL,NULL,NULL,NULL,NULL,NULL,NULL,NULL,NULL,NULL,NULL,NULL,NULL,NULL),
	(234,'Venezuela','ve',NULL,NULL,NULL,NULL,NULL,NULL,NULL,NULL,NULL,NULL,NULL,NULL,NULL,NULL,NULL,NULL),
	(235,'Vietnam','vn',NULL,NULL,NULL,NULL,NULL,NULL,NULL,NULL,NULL,NULL,NULL,NULL,NULL,NULL,NULL,NULL),
	(236,'Wallis and Futuna','wf',NULL,NULL,NULL,NULL,NULL,NULL,NULL,NULL,NULL,NULL,NULL,NULL,NULL,NULL,NULL,NULL),
	(237,'Western Sahara','eh',NULL,NULL,NULL,NULL,NULL,NULL,NULL,NULL,NULL,NULL,NULL,NULL,NULL,NULL,NULL,NULL),
	(238,'Yemen','ye',NULL,NULL,NULL,NULL,NULL,NULL,NULL,NULL,NULL,NULL,NULL,NULL,NULL,NULL,NULL,NULL),
	(239,'Zambia','zm',NULL,NULL,NULL,NULL,NULL,NULL,NULL,NULL,NULL,NULL,NULL,NULL,NULL,NULL,NULL,NULL),
	(240,'Zimbabwe','zw',NULL,NULL,NULL,NULL,NULL,NULL,NULL,NULL,NULL,NULL,NULL,NULL,NULL,NULL,NULL,NULL);

/*!40000 ALTER TABLE `countries` ENABLE KEYS */;
UNLOCK TABLES;


# Dump of table country_employer
# ------------------------------------------------------------

DROP TABLE IF EXISTS `country_employer`;

CREATE TABLE `country_employer` (
  `employer_id` int(10) unsigned NOT NULL,
  `country_id` int(10) unsigned NOT NULL,
  KEY `employer_id_fk_698171` (`employer_id`),
  KEY `country_id_fk_698171` (`country_id`),
  CONSTRAINT `country_id_fk_698171` FOREIGN KEY (`country_id`) REFERENCES `countries` (`id`) ON DELETE CASCADE,
  CONSTRAINT `employer_id_fk_698171` FOREIGN KEY (`employer_id`) REFERENCES `employers` (`id`) ON DELETE CASCADE
) ENGINE=InnoDB DEFAULT CHARSET=utf8mb4 COLLATE=utf8mb4_unicode_ci;



# Dump of table currencies
# ------------------------------------------------------------

DROP TABLE IF EXISTS `currencies`;

CREATE TABLE `currencies` (
  `id` bigint(20) unsigned NOT NULL AUTO_INCREMENT,
  `iso` varchar(10) COLLATE utf8mb4_unicode_ci NOT NULL,
  `name` text COLLATE utf8mb4_unicode_ci NOT NULL,
  `created_at` timestamp NULL DEFAULT NULL,
  `updated_at` timestamp NULL DEFAULT NULL,
  PRIMARY KEY (`id`)
) ENGINE=InnoDB DEFAULT CHARSET=utf8mb4 COLLATE=utf8mb4_unicode_ci;



# Dump of table destinations
# ------------------------------------------------------------

DROP TABLE IF EXISTS `destinations`;

CREATE TABLE `destinations` (
  `id` int(10) unsigned NOT NULL AUTO_INCREMENT,
  `name` varchar(255) COLLATE utf8mb4_unicode_ci DEFAULT NULL,
  `country_id` int(11) DEFAULT NULL,
  `language` varchar(255) COLLATE utf8mb4_unicode_ci DEFAULT NULL,
  `currency` varchar(255) COLLATE utf8mb4_unicode_ci DEFAULT NULL,
  `address` varchar(255) COLLATE utf8mb4_unicode_ci DEFAULT NULL,
  `industries` varchar(255) COLLATE utf8mb4_unicode_ci DEFAULT NULL,
  `employers` varchar(255) COLLATE utf8mb4_unicode_ci DEFAULT NULL,
  `agents` varchar(255) COLLATE utf8mb4_unicode_ci DEFAULT NULL,
  `hourly_salary` decimal(15,2) DEFAULT NULL,
  `monthly_salary` decimal(15,2) DEFAULT NULL,
  `yearly_salary` varchar(255) COLLATE utf8mb4_unicode_ci DEFAULT NULL,
  `safe_medicine` varchar(255) COLLATE utf8mb4_unicode_ci DEFAULT NULL,
  `healthcare` longtext COLLATE utf8mb4_unicode_ci,
  `taxi_available` varchar(255) COLLATE utf8mb4_unicode_ci DEFAULT NULL,
  `safety` longtext COLLATE utf8mb4_unicode_ci,
  `culture` longtext COLLATE utf8mb4_unicode_ci,
  `politics` longtext COLLATE utf8mb4_unicode_ci,
  `insurance` longtext COLLATE utf8mb4_unicode_ci,
  `created_at` timestamp NULL DEFAULT NULL,
  `updated_at` timestamp NULL DEFAULT NULL,
  `deleted_at` timestamp NULL DEFAULT NULL,
  PRIMARY KEY (`id`)
) ENGINE=InnoDB DEFAULT CHARSET=utf8mb4 COLLATE=utf8mb4_unicode_ci;



# Dump of table employer_industry
# ------------------------------------------------------------

DROP TABLE IF EXISTS `employer_industry`;

CREATE TABLE `employer_industry` (
  `employer_id` int(10) unsigned NOT NULL,
  `industry_id` int(10) unsigned NOT NULL,
  KEY `employer_id_fk_698173` (`employer_id`),
  KEY `industry_id_fk_698173` (`industry_id`),
  CONSTRAINT `employer_id_fk_698173` FOREIGN KEY (`employer_id`) REFERENCES `employers` (`id`) ON DELETE CASCADE,
  CONSTRAINT `industry_id_fk_698173` FOREIGN KEY (`industry_id`) REFERENCES `industries` (`id`) ON DELETE CASCADE
) ENGINE=InnoDB DEFAULT CHARSET=utf8mb4 COLLATE=utf8mb4_unicode_ci;



# Dump of table employers
# ------------------------------------------------------------

DROP TABLE IF EXISTS `employers`;

CREATE TABLE `employers` (
  `id` int(10) unsigned NOT NULL AUTO_INCREMENT,
  `name` varchar(255) COLLATE utf8mb4_unicode_ci DEFAULT NULL,
  `email` varchar(255) COLLATE utf8mb4_unicode_ci NOT NULL,
  `phone` varchar(255) COLLATE utf8mb4_unicode_ci DEFAULT NULL,
  `address` longtext COLLATE utf8mb4_unicode_ci,
  `description` longtext COLLATE utf8mb4_unicode_ci,
  `recruiting_workers` int(11) DEFAULT NULL,
  `monthly_salary` decimal(15,2) DEFAULT NULL,
  `working_hours` int(11) DEFAULT NULL,
  `days_off` int(11) DEFAULT NULL,
  `banner_titile` varchar(255) COLLATE utf8mb4_unicode_ci DEFAULT NULL,
  `banner_text` longtext COLLATE utf8mb4_unicode_ci,
  `created_at` timestamp NULL DEFAULT NULL,
  `updated_at` timestamp NULL DEFAULT NULL,
  `deleted_at` timestamp NULL DEFAULT NULL,
  PRIMARY KEY (`id`),
  UNIQUE KEY `employers_email_unique` (`email`)
) ENGINE=InnoDB DEFAULT CHARSET=utf8mb4 COLLATE=utf8mb4_unicode_ci;



# Dump of table experiences
# ------------------------------------------------------------

DROP TABLE IF EXISTS `experiences`;

CREATE TABLE `experiences` (
  `id` int(10) unsigned NOT NULL AUTO_INCREMENT,
  `visa_type` varchar(255) COLLATE utf8mb4_unicode_ci DEFAULT NULL,
  `application_period` varchar(255) COLLATE utf8mb4_unicode_ci DEFAULT NULL,
  `expenses_paid` varchar(255) COLLATE utf8mb4_unicode_ci DEFAULT NULL,
  `language_level` varchar(255) COLLATE utf8mb4_unicode_ci DEFAULT NULL,
  `agent_rating` int(11) DEFAULT NULL,
  `emloyment_date` date DEFAULT NULL,
  `employment_period` int(11) DEFAULT NULL,
  `monthly_salary` decimal(15,2) DEFAULT NULL,
  `monthly_living_expenses` decimal(15,2) DEFAULT NULL,
  `accommodation_type` varchar(255) COLLATE utf8mb4_unicode_ci DEFAULT NULL,
  `weekly_working_hours` varchar(255) COLLATE utf8mb4_unicode_ci DEFAULT NULL,
  `agent_feedback` longtext COLLATE utf8mb4_unicode_ci,
  `monthly_days_off` int(11) DEFAULT NULL,
  `next_year_opportunity` varchar(255) COLLATE utf8mb4_unicode_ci DEFAULT NULL,
  `employer_rating` int(11) DEFAULT NULL,
  `employer_feedback` longtext COLLATE utf8mb4_unicode_ci,
  `created_at` timestamp NULL DEFAULT NULL,
  `updated_at` timestamp NULL DEFAULT NULL,
  `deleted_at` timestamp NULL DEFAULT NULL,
  `user_id` int(10) unsigned DEFAULT NULL,
  `agent_id` int(10) unsigned DEFAULT NULL,
  `destination_country_id` int(10) unsigned DEFAULT NULL,
  `employer_id` int(10) unsigned DEFAULT NULL,
  `industry_id` int(10) unsigned DEFAULT NULL,
  PRIMARY KEY (`id`),
  KEY `user_fk_698289` (`user_id`),
  KEY `agent_fk_698290` (`agent_id`),
  KEY `destination_country_fk_698291` (`destination_country_id`),
  KEY `employer_fk_698298` (`employer_id`),
  KEY `industry_fk_698299` (`industry_id`),
  CONSTRAINT `agent_fk_698290` FOREIGN KEY (`agent_id`) REFERENCES `agents` (`id`),
  CONSTRAINT `destination_country_fk_698291` FOREIGN KEY (`destination_country_id`) REFERENCES `countries` (`id`),
  CONSTRAINT `employer_fk_698298` FOREIGN KEY (`employer_id`) REFERENCES `employers` (`id`),
  CONSTRAINT `industry_fk_698299` FOREIGN KEY (`industry_id`) REFERENCES `industries` (`id`),
  CONSTRAINT `user_fk_698289` FOREIGN KEY (`user_id`) REFERENCES `users` (`id`)
) ENGINE=InnoDB DEFAULT CHARSET=utf8mb4 COLLATE=utf8mb4_unicode_ci;



# Dump of table industries
# ------------------------------------------------------------

DROP TABLE IF EXISTS `industries`;

CREATE TABLE `industries` (
  `id` int(10) unsigned NOT NULL AUTO_INCREMENT,
  `name` varchar(255) COLLATE utf8mb4_unicode_ci DEFAULT NULL,
  `description` longtext COLLATE utf8mb4_unicode_ci,
  `minimum_salary` decimal(15,2) DEFAULT NULL,
  `maximum_salary` decimal(15,2) DEFAULT NULL,
  `education_level` varchar(255) COLLATE utf8mb4_unicode_ci DEFAULT NULL,
  `training_level` varchar(255) COLLATE utf8mb4_unicode_ci DEFAULT NULL,
  `language_course` varchar(255) COLLATE utf8mb4_unicode_ci DEFAULT NULL,
  `language_course_level` varchar(255) COLLATE utf8mb4_unicode_ci DEFAULT NULL,
  `banner_titile` varchar(255) COLLATE utf8mb4_unicode_ci DEFAULT NULL,
  `banner_text` longtext COLLATE utf8mb4_unicode_ci,
  `created_at` timestamp NULL DEFAULT NULL,
  `updated_at` timestamp NULL DEFAULT NULL,
  `deleted_at` timestamp NULL DEFAULT NULL,
  PRIMARY KEY (`id`)
) ENGINE=InnoDB DEFAULT CHARSET=utf8mb4 COLLATE=utf8mb4_unicode_ci;



# Dump of table industry_user
# ------------------------------------------------------------

DROP TABLE IF EXISTS `industry_user`;

CREATE TABLE `industry_user` (
  `user_id` int(10) unsigned NOT NULL,
  `industry_id` int(10) unsigned NOT NULL,
  KEY `user_id_fk_698260` (`user_id`),
  KEY `industry_id_fk_698260` (`industry_id`),
  CONSTRAINT `industry_id_fk_698260` FOREIGN KEY (`industry_id`) REFERENCES `industries` (`id`) ON DELETE CASCADE,
  CONSTRAINT `user_id_fk_698260` FOREIGN KEY (`user_id`) REFERENCES `users` (`id`) ON DELETE CASCADE
) ENGINE=InnoDB DEFAULT CHARSET=utf8mb4 COLLATE=utf8mb4_unicode_ci;



# Dump of table languages
# ------------------------------------------------------------

DROP TABLE IF EXISTS `languages`;

CREATE TABLE `languages` (
  `id` bigint(20) unsigned NOT NULL AUTO_INCREMENT,
  `code` varchar(255) COLLATE utf8mb4_unicode_ci NOT NULL,
  `value` varchar(255) COLLATE utf8mb4_unicode_ci NOT NULL,
  `created_at` timestamp NULL DEFAULT NULL,
  `updated_at` timestamp NULL DEFAULT NULL,
  PRIMARY KEY (`id`)
) ENGINE=InnoDB DEFAULT CHARSET=utf8mb4 COLLATE=utf8mb4_unicode_ci;



# Dump of table media
# ------------------------------------------------------------

DROP TABLE IF EXISTS `media`;

CREATE TABLE `media` (
  `id` int(10) unsigned NOT NULL AUTO_INCREMENT,
  `model_type` varchar(255) COLLATE utf8mb4_unicode_ci NOT NULL,
  `model_id` bigint(20) unsigned NOT NULL,
  `collection_name` varchar(255) COLLATE utf8mb4_unicode_ci NOT NULL,
  `name` varchar(255) COLLATE utf8mb4_unicode_ci NOT NULL,
  `file_name` varchar(255) COLLATE utf8mb4_unicode_ci NOT NULL,
  `mime_type` varchar(255) COLLATE utf8mb4_unicode_ci DEFAULT NULL,
  `disk` varchar(255) COLLATE utf8mb4_unicode_ci NOT NULL,
  `size` int(10) unsigned NOT NULL,
  `manipulations` json NOT NULL,
  `custom_properties` json NOT NULL,
  `responsive_images` json NOT NULL,
  `order_column` int(10) unsigned DEFAULT NULL,
  `created_at` timestamp NULL DEFAULT NULL,
  `updated_at` timestamp NULL DEFAULT NULL,
  PRIMARY KEY (`id`),
  KEY `media_model_type_model_id_index` (`model_type`,`model_id`)
) ENGINE=InnoDB DEFAULT CHARSET=utf8mb4 COLLATE=utf8mb4_unicode_ci;

LOCK TABLES `media` WRITE;
/*!40000 ALTER TABLE `media` DISABLE KEYS */;

INSERT INTO `media` (`id`, `model_type`, `model_id`, `collection_name`, `name`, `file_name`, `mime_type`, `disk`, `size`, `manipulations`, `custom_properties`, `responsive_images`, `order_column`, `created_at`, `updated_at`)
VALUES
	(1,'App\\Company',1,'logo','5decf3bd727b9_continental-motor logo','5decf3bd727b9_continental-motor-logo.png','image/png','public',5661,X'5B5D',X'7B2267656E6572617465645F636F6E76657273696F6E73223A207B227468756D62223A20747275657D7D',X'5B5D',1,'2019-12-08 13:00:25','2019-12-08 13:00:25'),
	(2,'App\\User',3,'profile_picture','5ded3a2a639ad_continental-motor logo','5ded3a2a639ad_continental-motor-logo.png','image/png','public',5661,X'5B5D',X'7B2267656E6572617465645F636F6E76657273696F6E73223A207B227468756D62223A20747275657D7D',X'5B5D',2,'2019-12-08 18:00:12','2019-12-08 18:00:12');

/*!40000 ALTER TABLE `media` ENABLE KEYS */;
UNLOCK TABLES;


# Dump of table migrations
# ------------------------------------------------------------

DROP TABLE IF EXISTS `migrations`;

CREATE TABLE `migrations` (
  `id` int(10) unsigned NOT NULL AUTO_INCREMENT,
  `migration` varchar(255) COLLATE utf8mb4_unicode_ci NOT NULL,
  `batch` int(11) NOT NULL,
  PRIMARY KEY (`id`)
) ENGINE=InnoDB DEFAULT CHARSET=utf8mb4 COLLATE=utf8mb4_unicode_ci;

LOCK TABLES `migrations` WRITE;
/*!40000 ALTER TABLE `migrations` DISABLE KEYS */;

INSERT INTO `migrations` (`id`, `migration`, `batch`)
VALUES
	(1,'2014_10_12_100000_create_password_resets_table',1),
	(2,'2016_06_01_000001_create_oauth_auth_codes_table',1),
	(3,'2016_06_01_000002_create_oauth_access_tokens_table',1),
	(4,'2016_06_01_000003_create_oauth_refresh_tokens_table',1),
	(5,'2016_06_01_000004_create_oauth_clients_table',1),
	(6,'2016_06_01_000005_create_oauth_personal_access_clients_table',1),
	(7,'2019_09_16_000004_create_cities_table',1),
	(8,'2019_09_16_000005_create_categories_table',1),
	(9,'2019_12_01_000002_create_settings_table',1),
	(10,'2019_12_01_000003_create_comments_table',1),
	(11,'2019_12_01_000008_create_destinations_table',1),
	(12,'2019_12_01_000009_create_visas_table',1),
	(13,'2019_12_01_062927_create_companies_table',1),
	(14,'2019_12_01_164738_create_languages_table',1),
	(15,'2019_12_01_171442_create_currencies_table',1),
	(16,'2019_12_07_000001_create_media_table',1),
	(17,'2019_12_07_000002_create_countries_table',1),
	(18,'2019_12_07_000003_create_experiences_table',1),
	(19,'2019_12_07_000004_create_employers_table',1),
	(20,'2019_12_07_000005_create_agents_table',1),
	(21,'2019_12_07_000006_create_permissions_table',1),
	(22,'2019_12_07_000007_create_industries_table',1),
	(23,'2019_12_07_000008_create_users_table',1),
	(24,'2019_12_07_000009_create_roles_table',1),
	(25,'2019_12_07_000010_create_industry_user_pivot_table',1),
	(26,'2019_12_07_000011_create_role_user_pivot_table',1),
	(27,'2019_12_07_000012_create_agent_country_pivot_table',1),
	(28,'2019_12_07_000013_create_agent_industry_pivot_table',1),
	(29,'2019_12_07_000014_create_agent_user_pivot_table',1),
	(30,'2019_12_07_000015_create_permission_role_pivot_table',1),
	(31,'2019_12_07_000016_create_country_employer_pivot_table',1),
	(32,'2019_12_07_000017_create_agent_employer_pivot_table',1),
	(33,'2019_12_07_000018_create_employer_industry_pivot_table',1),
	(34,'2019_12_07_000019_add_relationship_fields_to_users_table',1),
	(35,'2019_12_07_000020_add_relationship_fields_to_experiences_table',1);

/*!40000 ALTER TABLE `migrations` ENABLE KEYS */;
UNLOCK TABLES;


# Dump of table oauth_access_tokens
# ------------------------------------------------------------

DROP TABLE IF EXISTS `oauth_access_tokens`;

CREATE TABLE `oauth_access_tokens` (
  `id` varchar(100) COLLATE utf8mb4_unicode_ci NOT NULL,
  `user_id` bigint(20) DEFAULT NULL,
  `client_id` int(10) unsigned NOT NULL,
  `name` varchar(255) COLLATE utf8mb4_unicode_ci DEFAULT NULL,
  `scopes` text COLLATE utf8mb4_unicode_ci,
  `revoked` tinyint(1) NOT NULL,
  `created_at` timestamp NULL DEFAULT NULL,
  `updated_at` timestamp NULL DEFAULT NULL,
  `expires_at` datetime DEFAULT NULL,
  PRIMARY KEY (`id`),
  KEY `oauth_access_tokens_user_id_index` (`user_id`)
) ENGINE=InnoDB DEFAULT CHARSET=utf8mb4 COLLATE=utf8mb4_unicode_ci;



# Dump of table oauth_auth_codes
# ------------------------------------------------------------

DROP TABLE IF EXISTS `oauth_auth_codes`;

CREATE TABLE `oauth_auth_codes` (
  `id` varchar(100) COLLATE utf8mb4_unicode_ci NOT NULL,
  `user_id` bigint(20) NOT NULL,
  `client_id` int(10) unsigned NOT NULL,
  `scopes` text COLLATE utf8mb4_unicode_ci,
  `revoked` tinyint(1) NOT NULL,
  `expires_at` datetime DEFAULT NULL,
  PRIMARY KEY (`id`)
) ENGINE=InnoDB DEFAULT CHARSET=utf8mb4 COLLATE=utf8mb4_unicode_ci;



# Dump of table oauth_clients
# ------------------------------------------------------------

DROP TABLE IF EXISTS `oauth_clients`;

CREATE TABLE `oauth_clients` (
  `id` int(10) unsigned NOT NULL AUTO_INCREMENT,
  `user_id` bigint(20) DEFAULT NULL,
  `name` varchar(255) COLLATE utf8mb4_unicode_ci NOT NULL,
  `secret` varchar(100) COLLATE utf8mb4_unicode_ci NOT NULL,
  `redirect` text COLLATE utf8mb4_unicode_ci NOT NULL,
  `personal_access_client` tinyint(1) NOT NULL,
  `password_client` tinyint(1) NOT NULL,
  `revoked` tinyint(1) NOT NULL,
  `created_at` timestamp NULL DEFAULT NULL,
  `updated_at` timestamp NULL DEFAULT NULL,
  PRIMARY KEY (`id`),
  KEY `oauth_clients_user_id_index` (`user_id`)
) ENGINE=InnoDB DEFAULT CHARSET=utf8mb4 COLLATE=utf8mb4_unicode_ci;



# Dump of table oauth_personal_access_clients
# ------------------------------------------------------------

DROP TABLE IF EXISTS `oauth_personal_access_clients`;

CREATE TABLE `oauth_personal_access_clients` (
  `id` int(10) unsigned NOT NULL AUTO_INCREMENT,
  `client_id` int(10) unsigned NOT NULL,
  `created_at` timestamp NULL DEFAULT NULL,
  `updated_at` timestamp NULL DEFAULT NULL,
  PRIMARY KEY (`id`),
  KEY `oauth_personal_access_clients_client_id_index` (`client_id`)
) ENGINE=InnoDB DEFAULT CHARSET=utf8mb4 COLLATE=utf8mb4_unicode_ci;



# Dump of table oauth_refresh_tokens
# ------------------------------------------------------------

DROP TABLE IF EXISTS `oauth_refresh_tokens`;

CREATE TABLE `oauth_refresh_tokens` (
  `id` varchar(100) COLLATE utf8mb4_unicode_ci NOT NULL,
  `access_token_id` varchar(100) COLLATE utf8mb4_unicode_ci NOT NULL,
  `revoked` tinyint(1) NOT NULL,
  `expires_at` datetime DEFAULT NULL,
  PRIMARY KEY (`id`),
  KEY `oauth_refresh_tokens_access_token_id_index` (`access_token_id`)
) ENGINE=InnoDB DEFAULT CHARSET=utf8mb4 COLLATE=utf8mb4_unicode_ci;



# Dump of table password_resets
# ------------------------------------------------------------

DROP TABLE IF EXISTS `password_resets`;

CREATE TABLE `password_resets` (
  `email` varchar(255) COLLATE utf8mb4_unicode_ci NOT NULL,
  `token` varchar(255) COLLATE utf8mb4_unicode_ci NOT NULL,
  `created_at` timestamp NULL DEFAULT NULL,
  KEY `password_resets_email_index` (`email`)
) ENGINE=InnoDB DEFAULT CHARSET=utf8mb4 COLLATE=utf8mb4_unicode_ci;



# Dump of table permission_role
# ------------------------------------------------------------

DROP TABLE IF EXISTS `permission_role`;

CREATE TABLE `permission_role` (
  `role_id` int(10) unsigned NOT NULL,
  `permission_id` int(10) unsigned NOT NULL,
  KEY `role_id_fk_698008` (`role_id`),
  KEY `permission_id_fk_698008` (`permission_id`),
  CONSTRAINT `permission_id_fk_698008` FOREIGN KEY (`permission_id`) REFERENCES `permissions` (`id`) ON DELETE CASCADE,
  CONSTRAINT `role_id_fk_698008` FOREIGN KEY (`role_id`) REFERENCES `roles` (`id`) ON DELETE CASCADE
) ENGINE=InnoDB DEFAULT CHARSET=utf8mb4 COLLATE=utf8mb4_unicode_ci;

LOCK TABLES `permission_role` WRITE;
/*!40000 ALTER TABLE `permission_role` DISABLE KEYS */;

INSERT INTO `permission_role` (`role_id`, `permission_id`)
VALUES
	(1,1),
	(1,2),
	(1,3),
	(1,4),
	(1,5),
	(1,6),
	(1,7),
	(1,8),
	(1,9),
	(1,10),
	(1,11),
	(1,12),
	(1,13),
	(1,14),
	(1,15),
	(1,16),
	(1,17),
	(1,18),
	(1,19),
	(1,20),
	(1,21),
	(1,22),
	(1,23),
	(1,24),
	(1,25),
	(1,26),
	(1,27),
	(1,28),
	(1,29),
	(1,30),
	(1,31),
	(1,32),
	(1,33),
	(1,34),
	(1,35),
	(1,36),
	(2,17),
	(2,18),
	(2,19),
	(2,20),
	(2,21),
	(2,22),
	(2,23),
	(2,24),
	(2,25),
	(2,26),
	(2,27),
	(2,28),
	(2,29),
	(2,30),
	(2,31),
	(2,32),
	(2,33),
	(2,34),
	(2,35),
	(2,36),
	(1,37),
	(1,38),
	(1,39),
	(1,40),
	(1,41),
	(1,42),
	(1,43),
	(1,44),
	(1,45),
	(1,46),
	(1,47),
	(1,48),
	(1,49),
	(1,50),
	(1,51),
	(1,52),
	(1,53),
	(1,54),
	(1,55),
	(1,56),
	(1,57),
	(1,58),
	(1,59),
	(1,60),
	(1,61),
	(1,62),
	(1,63),
	(1,64),
	(1,65),
	(1,66),
	(1,67),
	(1,68),
	(1,69),
	(1,70),
	(1,71),
	(1,72),
	(1,73),
	(1,74),
	(1,75),
	(1,76),
	(1,77);

/*!40000 ALTER TABLE `permission_role` ENABLE KEYS */;
UNLOCK TABLES;


# Dump of table permissions
# ------------------------------------------------------------

DROP TABLE IF EXISTS `permissions`;

CREATE TABLE `permissions` (
  `id` int(10) unsigned NOT NULL AUTO_INCREMENT,
  `title` varchar(255) COLLATE utf8mb4_unicode_ci DEFAULT NULL,
  `created_at` timestamp NULL DEFAULT NULL,
  `updated_at` timestamp NULL DEFAULT NULL,
  `deleted_at` timestamp NULL DEFAULT NULL,
  PRIMARY KEY (`id`)
) ENGINE=InnoDB DEFAULT CHARSET=utf8mb4 COLLATE=utf8mb4_unicode_ci;

LOCK TABLES `permissions` WRITE;
/*!40000 ALTER TABLE `permissions` DISABLE KEYS */;

INSERT INTO `permissions` (`id`, `title`, `created_at`, `updated_at`, `deleted_at`)
VALUES
	(1,'user_management_access',NULL,NULL,NULL),
	(2,'permission_create',NULL,NULL,NULL),
	(3,'permission_edit',NULL,NULL,NULL),
	(4,'permission_show',NULL,NULL,NULL),
	(5,'permission_delete',NULL,NULL,NULL),
	(6,'permission_access',NULL,NULL,NULL),
	(7,'role_create',NULL,NULL,NULL),
	(8,'role_edit',NULL,NULL,NULL),
	(9,'role_show',NULL,NULL,NULL),
	(10,'role_delete',NULL,NULL,NULL),
	(11,'role_access',NULL,NULL,NULL),
	(12,'user_create',NULL,NULL,NULL),
	(13,'user_edit',NULL,NULL,NULL),
	(14,'user_show',NULL,NULL,NULL),
	(15,'user_delete',NULL,NULL,NULL),
	(16,'user_access',NULL,NULL,NULL),
	(17,'country_create',NULL,NULL,NULL),
	(18,'country_edit',NULL,NULL,NULL),
	(19,'country_show',NULL,NULL,NULL),
	(20,'country_delete',NULL,NULL,NULL),
	(21,'country_access',NULL,NULL,NULL),
	(22,'industry_create',NULL,NULL,NULL),
	(23,'industry_edit',NULL,NULL,NULL),
	(24,'industry_show',NULL,NULL,NULL),
	(25,'industry_delete',NULL,NULL,NULL),
	(26,'industry_access',NULL,NULL,NULL),
	(27,'agent_create',NULL,NULL,NULL),
	(28,'agent_edit',NULL,NULL,NULL),
	(29,'agent_show',NULL,NULL,NULL),
	(30,'agent_delete',NULL,NULL,NULL),
	(31,'agent_access',NULL,NULL,NULL),
	(32,'employer_create',NULL,NULL,NULL),
	(33,'employer_edit',NULL,NULL,NULL),
	(34,'employer_show',NULL,NULL,NULL),
	(35,'employer_delete',NULL,NULL,NULL),
	(36,'employer_access',NULL,NULL,NULL),
	(37,'comment_create','2019-12-07 13:16:10','2019-12-07 13:16:10',NULL),
	(38,'comment_edit','2019-12-07 13:16:25','2019-12-07 13:16:25',NULL),
	(39,'comment_show','2019-12-07 13:16:41','2019-12-07 13:16:41',NULL),
	(40,'comment_delete','2019-12-07 13:16:53','2019-12-07 13:16:53',NULL),
	(41,'comment_access','2019-12-07 13:17:05','2019-12-07 13:17:05',NULL),
	(42,'setting_create','2019-12-07 13:17:21','2019-12-07 13:17:21',NULL),
	(43,'setting_edit','2019-12-07 13:17:46','2019-12-07 13:17:46',NULL),
	(44,'setting_show','2019-12-07 13:18:02','2019-12-07 13:18:02',NULL),
	(45,'setting_delete','2019-12-07 13:18:16','2019-12-07 13:18:16',NULL),
	(46,'setting_access','2019-12-07 13:18:46','2019-12-07 13:18:46',NULL),
	(47,'site_setting_access','2019-12-07 13:19:09','2019-12-07 13:19:09',NULL),
	(48,'experience_access','2019-12-07 13:35:27','2019-12-07 13:35:27',NULL),
	(49,'experience_delete','2019-12-07 13:35:57','2019-12-07 13:35:57',NULL),
	(50,'experience_show','2019-12-07 13:36:20','2019-12-07 13:36:20',NULL),
	(51,'experience_edit','2019-12-07 13:36:33','2019-12-07 13:36:33',NULL),
	(52,'experience_create','2019-12-07 13:36:44','2019-12-07 13:36:44',NULL),
	(53,'experience_edit','2019-12-07 13:37:02','2019-12-07 13:37:02',NULL),
	(54,'company_access','2019-12-07 13:39:35','2019-12-07 13:39:35',NULL),
	(55,'company_create','2019-12-07 13:39:48','2019-12-07 13:39:48',NULL),
	(56,'company_edit','2019-12-07 13:39:58','2019-12-07 13:39:58',NULL),
	(57,'company_delete','2019-12-07 13:40:11','2019-12-07 13:40:11',NULL),
	(58,'company_show','2019-12-07 13:40:22','2019-12-07 13:40:22',NULL),
	(59,'city_access','2019-12-07 13:43:30','2019-12-07 13:43:30',NULL),
	(60,'city_delete','2019-12-07 13:43:57','2019-12-07 13:43:57',NULL),
	(61,'city_show','2019-12-07 13:44:13','2019-12-07 13:44:13',NULL),
	(62,'city_edit','2019-12-07 13:44:34','2019-12-07 13:44:34',NULL),
	(63,'city_create','2019-12-07 13:44:47','2019-12-07 13:44:47',NULL),
	(64,'category_access','2019-12-07 13:46:50','2019-12-07 13:46:50',NULL),
	(65,'category_delete','2019-12-07 13:47:08','2019-12-07 13:47:08',NULL),
	(66,'category_show','2019-12-07 13:47:26','2019-12-07 13:47:26',NULL),
	(67,'category_create','2019-12-07 13:48:20','2019-12-07 13:48:20',NULL),
	(68,'visa_access','2019-12-07 13:49:23','2019-12-07 13:49:23',NULL),
	(69,'visa_delete','2019-12-07 13:49:37','2019-12-07 13:49:37',NULL),
	(70,'visa_show','2019-12-07 13:49:55','2019-12-07 13:49:55',NULL),
	(71,'visa_edit','2019-12-07 13:50:09','2019-12-07 13:50:09',NULL),
	(72,'visa_create','2019-12-07 13:51:27','2019-12-07 13:51:46',NULL),
	(73,'destination_access','2019-12-07 13:58:40','2019-12-07 13:58:40',NULL),
	(74,'destination_delete','2019-12-07 13:58:57','2019-12-07 13:58:57',NULL),
	(75,'destination_show','2019-12-07 13:59:12','2019-12-07 13:59:12',NULL),
	(76,'destination_edit','2019-12-07 13:59:27','2019-12-07 13:59:27',NULL),
	(77,'destination_create','2019-12-07 13:59:51','2019-12-07 13:59:51',NULL);

/*!40000 ALTER TABLE `permissions` ENABLE KEYS */;
UNLOCK TABLES;


# Dump of table role_user
# ------------------------------------------------------------

DROP TABLE IF EXISTS `role_user`;

CREATE TABLE `role_user` (
  `user_id` int(10) unsigned NOT NULL,
  `role_id` int(10) unsigned NOT NULL,
  KEY `user_id_fk_698017` (`user_id`),
  KEY `role_id_fk_698017` (`role_id`),
  CONSTRAINT `role_id_fk_698017` FOREIGN KEY (`role_id`) REFERENCES `roles` (`id`) ON DELETE CASCADE,
  CONSTRAINT `user_id_fk_698017` FOREIGN KEY (`user_id`) REFERENCES `users` (`id`) ON DELETE CASCADE
) ENGINE=InnoDB DEFAULT CHARSET=utf8mb4 COLLATE=utf8mb4_unicode_ci;

LOCK TABLES `role_user` WRITE;
/*!40000 ALTER TABLE `role_user` DISABLE KEYS */;

INSERT INTO `role_user` (`user_id`, `role_id`)
VALUES
	(1,1),
	(2,1),
	(3,1);

/*!40000 ALTER TABLE `role_user` ENABLE KEYS */;
UNLOCK TABLES;


# Dump of table roles
# ------------------------------------------------------------

DROP TABLE IF EXISTS `roles`;

CREATE TABLE `roles` (
  `id` int(10) unsigned NOT NULL AUTO_INCREMENT,
  `title` varchar(255) COLLATE utf8mb4_unicode_ci DEFAULT NULL,
  `created_at` timestamp NULL DEFAULT NULL,
  `updated_at` timestamp NULL DEFAULT NULL,
  `deleted_at` timestamp NULL DEFAULT NULL,
  PRIMARY KEY (`id`)
) ENGINE=InnoDB DEFAULT CHARSET=utf8mb4 COLLATE=utf8mb4_unicode_ci;

LOCK TABLES `roles` WRITE;
/*!40000 ALTER TABLE `roles` DISABLE KEYS */;

INSERT INTO `roles` (`id`, `title`, `created_at`, `updated_at`, `deleted_at`)
VALUES
	(1,'Admin',NULL,NULL,NULL),
	(2,'User',NULL,NULL,NULL);

/*!40000 ALTER TABLE `roles` ENABLE KEYS */;
UNLOCK TABLES;


# Dump of table settings
# ------------------------------------------------------------

DROP TABLE IF EXISTS `settings`;

CREATE TABLE `settings` (
  `id` int(10) unsigned NOT NULL AUTO_INCREMENT,
  `name` varchar(255) COLLATE utf8mb4_unicode_ci DEFAULT NULL,
  `email` varchar(255) COLLATE utf8mb4_unicode_ci DEFAULT NULL,
  `phone` varchar(255) COLLATE utf8mb4_unicode_ci DEFAULT NULL,
  `url` varchar(255) COLLATE utf8mb4_unicode_ci DEFAULT NULL,
  `address` longtext COLLATE utf8mb4_unicode_ci,
  `philosophy_title` varchar(255) COLLATE utf8mb4_unicode_ci DEFAULT NULL,
  `philosophy_sentence` longtext COLLATE utf8mb4_unicode_ci,
  `business_title` varchar(255) COLLATE utf8mb4_unicode_ci DEFAULT NULL,
  `business_sentence` varchar(255) COLLATE utf8mb4_unicode_ci DEFAULT NULL,
  `created_at` timestamp NULL DEFAULT NULL,
  `updated_at` timestamp NULL DEFAULT NULL,
  `deleted_at` timestamp NULL DEFAULT NULL,
  PRIMARY KEY (`id`)
) ENGINE=InnoDB DEFAULT CHARSET=utf8mb4 COLLATE=utf8mb4_unicode_ci;



# Dump of table users
# ------------------------------------------------------------

DROP TABLE IF EXISTS `users`;

CREATE TABLE `users` (
  `id` int(10) unsigned NOT NULL AUTO_INCREMENT,
  `name` varchar(255) COLLATE utf8mb4_unicode_ci DEFAULT NULL,
  `email` varchar(255) COLLATE utf8mb4_unicode_ci DEFAULT NULL,
  `email_verified_at` datetime DEFAULT NULL,
  `password` varchar(255) COLLATE utf8mb4_unicode_ci DEFAULT NULL,
  `remember_token` varchar(255) COLLATE utf8mb4_unicode_ci DEFAULT NULL,
  `city` varchar(255) COLLATE utf8mb4_unicode_ci DEFAULT NULL,
  `date_of_birth` date DEFAULT NULL,
  `gender` varchar(255) COLLATE utf8mb4_unicode_ci DEFAULT NULL,
  `education_level` varchar(255) COLLATE utf8mb4_unicode_ci DEFAULT NULL,
  `phone` varchar(255) COLLATE utf8mb4_unicode_ci DEFAULT NULL,
  `facebook` varchar(255) COLLATE utf8mb4_unicode_ci DEFAULT NULL,
  `skype` varchar(255) COLLATE utf8mb4_unicode_ci DEFAULT NULL,
  `visa_type` varchar(255) COLLATE utf8mb4_unicode_ci DEFAULT NULL,
  `expected_salary` decimal(15,2) DEFAULT NULL,
  `date_of_leaving` date DEFAULT NULL,
  `created_at` timestamp NULL DEFAULT NULL,
  `updated_at` timestamp NULL DEFAULT NULL,
  `deleted_at` timestamp NULL DEFAULT NULL,
  `country_id` int(10) unsigned DEFAULT NULL,
  `destination_country_id` int(10) unsigned DEFAULT NULL,
  `employer_id` int(10) unsigned DEFAULT NULL,
  `agents_id` int(10) unsigned DEFAULT NULL,
  `indurstry_id` int(10) unsigned DEFAULT NULL,
  PRIMARY KEY (`id`),
  UNIQUE KEY `users_email_unique` (`email`),
  KEY `country_fk_698250` (`country_id`),
  KEY `destination_country_fk_698258` (`destination_country_id`),
  KEY `employer_fk_698263` (`employer_id`),
  KEY `agents_fk_698264` (`agents_id`),
  KEY `indurstry_fk_698265` (`indurstry_id`),
  CONSTRAINT `agents_fk_698264` FOREIGN KEY (`agents_id`) REFERENCES `employers` (`id`),
  CONSTRAINT `country_fk_698250` FOREIGN KEY (`country_id`) REFERENCES `countries` (`id`),
  CONSTRAINT `destination_country_fk_698258` FOREIGN KEY (`destination_country_id`) REFERENCES `countries` (`id`),
  CONSTRAINT `employer_fk_698263` FOREIGN KEY (`employer_id`) REFERENCES `employers` (`id`),
  CONSTRAINT `indurstry_fk_698265` FOREIGN KEY (`indurstry_id`) REFERENCES `industries` (`id`)
) ENGINE=InnoDB DEFAULT CHARSET=utf8mb4 COLLATE=utf8mb4_unicode_ci;

LOCK TABLES `users` WRITE;
/*!40000 ALTER TABLE `users` DISABLE KEYS */;

INSERT INTO `users` (`id`, `name`, `email`, `email_verified_at`, `password`, `remember_token`, `city`, `date_of_birth`, `gender`, `education_level`, `phone`, `facebook`, `skype`, `visa_type`, `expected_salary`, `date_of_leaving`, `created_at`, `updated_at`, `deleted_at`, `country_id`, `destination_country_id`, `employer_id`, `agents_id`, `indurstry_id`)
VALUES
	(1,'Admin','admin@admin.com',NULL,'$2y$10$szmj2ZhiCJ4eM6TRRbnkhuh/rBW6aLQra8j.x1BLpzO1ExCH1NKDa','2HcwjbJUQMacrfuJSpR1rUVvWo7CDKbzM5fcKlfrjNODstGSoQvreNDF7m4C','',NULL,NULL,NULL,'','','',NULL,NULL,NULL,NULL,NULL,NULL,NULL,NULL,NULL,NULL,NULL),
	(2,'Dewan Shajedur Rahman','ratan.mia@continental-motor.com',NULL,'$2y$10$aA.EEVecEwc2ieCNuUZaUeCU/B/awrSeXcmHMfBCnZJ.tG8nDJrPG',NULL,'Dhaka','2019-12-04','male','higher_secondary','01713031718',NULL,NULL,NULL,NULL,NULL,'2019-12-08 17:55:13','2019-12-08 17:55:13',NULL,18,4,NULL,NULL,NULL),
	(3,'Dewan Shajedur Rahman','sales@continental-motor.com',NULL,'$2y$10$thSeees1aH8JrjHHZcql7OfaiPQNlAMMIQpCAdjiyVWJFHY1Wh.R.',NULL,'Dhaka','2019-12-04','male','higher_secondary','01713031718',NULL,NULL,NULL,NULL,NULL,'2019-12-08 18:00:12','2019-12-08 18:00:12',NULL,18,4,NULL,NULL,NULL);

/*!40000 ALTER TABLE `users` ENABLE KEYS */;
UNLOCK TABLES;


# Dump of table visas
# ------------------------------------------------------------

DROP TABLE IF EXISTS `visas`;

CREATE TABLE `visas` (
  `id` int(10) unsigned NOT NULL AUTO_INCREMENT,
  `name` varchar(255) COLLATE utf8mb4_unicode_ci DEFAULT NULL,
  `type` varchar(255) COLLATE utf8mb4_unicode_ci DEFAULT NULL,
  `countries_without_visa` varchar(255) COLLATE utf8mb4_unicode_ci DEFAULT NULL,
  `duration` int(11) DEFAULT NULL,
  `work_permit` varchar(255) COLLATE utf8mb4_unicode_ci DEFAULT NULL,
  `working_limit` int(11) DEFAULT NULL,
  `industries` varchar(255) COLLATE utf8mb4_unicode_ci DEFAULT NULL,
  `language_traning` varchar(255) COLLATE utf8mb4_unicode_ci DEFAULT NULL,
  `training_duration` int(11) DEFAULT NULL,
  `countries_restrictred` varchar(255) COLLATE utf8mb4_unicode_ci DEFAULT NULL,
  `created_at` timestamp NULL DEFAULT NULL,
  `updated_at` timestamp NULL DEFAULT NULL,
  `deleted_at` timestamp NULL DEFAULT NULL,
  PRIMARY KEY (`id`)
) ENGINE=InnoDB DEFAULT CHARSET=utf8mb4 COLLATE=utf8mb4_unicode_ci;




/*!40111 SET SQL_NOTES=@OLD_SQL_NOTES */;
/*!40101 SET SQL_MODE=@OLD_SQL_MODE */;
/*!40014 SET FOREIGN_KEY_CHECKS=@OLD_FOREIGN_KEY_CHECKS */;
/*!40101 SET CHARACTER_SET_CLIENT=@OLD_CHARACTER_SET_CLIENT */;
/*!40101 SET CHARACTER_SET_RESULTS=@OLD_CHARACTER_SET_RESULTS */;
/*!40101 SET COLLATION_CONNECTION=@OLD_COLLATION_CONNECTION */;
