-- phpMyAdmin SQL Dump
-- version 4.8.3
-- https://www.phpmyadmin.net/
--
-- Host: localhost:8889
-- Generation Time: Dec 30, 2019 at 07:08 PM
-- Server version: 5.7.23
-- PHP Version: 7.2.8

SET SQL_MODE = "NO_AUTO_VALUE_ON_ZERO";
SET time_zone = "+00:00";


/*!40101 SET @OLD_CHARACTER_SET_CLIENT=@@CHARACTER_SET_CLIENT */;
/*!40101 SET @OLD_CHARACTER_SET_RESULTS=@@CHARACTER_SET_RESULTS */;
/*!40101 SET @OLD_COLLATION_CONNECTION=@@COLLATION_CONNECTION */;
/*!40101 SET NAMES utf8mb4 */;

--
-- Database: `taglog`
--

--
-- Dumping data for table `categories`
--

INSERT INTO `categories` (`id`, `name`, `icon`, `created_at`, `updated_at`, `deleted_at`) VALUES
(1, 'Car Industry', 'fa fa-car', '2019-12-08 06:41:50', '2019-12-08 06:41:50', NULL);

--
-- Dumping data for table `category_company`
--

INSERT INTO `category_company` (`company_id`, `category_id`) VALUES
(1, 1),
(2, 1);

--
-- Dumping data for table `cities`
--

INSERT INTO `cities` (`id`, `name`, `created_at`, `updated_at`, `deleted_at`) VALUES
(1, 'Dhaka', '2019-12-08 06:56:22', '2019-12-08 06:56:22', NULL);

--
-- Dumping data for table `companies`
--

INSERT INTO `companies` (`id`, `name`, `address`, `description`, `city_id`, `created_at`, `updated_at`, `deleted_at`) VALUES
(1, 'Continental Motors', '191/1, Rahman\'s Regnum Center, Ground Floor, Bit Uttam Mir Shawkat Road  Tejgaon C/A,', 'Continental Motors is a premium luxury car importer that aims to serve those who truly appreciate luxury automobiles. We primarily import high end cars of the highest grades. Working closely with some of the biggest Automobile manufacturers of the world, we offer the best selection and also the most extensive customization options. We also have the necessary software, training and technical know-how to provide full service support for all European manufacturers. This makes Continental Motors the only luxury high end automobile importer in Bangladesh that provides full warranty on all vehicles imported with complete technical capacity.', 1, '2019-12-08 07:00:25', '2019-12-08 07:00:25', NULL);

--
-- Dumping data for table `countries`
--

INSERT INTO `countries` (`id`, `name`, `short_code`, `language`, `currency`, `religion`, `description`, `safe_food`, `food`, `safe_medicine`, `health_insurance`, `healthcare`, `taxi_available`, `transport`, `culture`, `politics`, `created_at`, `updated_at`, `deleted_at`) VALUES
(1, 'Afghanistan', 'af', NULL, NULL, NULL, NULL, NULL, NULL, NULL, NULL, NULL, NULL, NULL, NULL, NULL, NULL, NULL, NULL),
(2, 'Albania', 'al', NULL, NULL, NULL, NULL, NULL, NULL, NULL, NULL, NULL, NULL, NULL, NULL, NULL, NULL, NULL, NULL),
(3, 'Algeria', 'dz', NULL, NULL, NULL, NULL, NULL, NULL, NULL, NULL, NULL, NULL, NULL, NULL, NULL, NULL, NULL, NULL),
(4, 'American Samoa', 'as', NULL, NULL, NULL, NULL, NULL, NULL, NULL, NULL, NULL, NULL, NULL, NULL, NULL, NULL, NULL, NULL),
(5, 'Andorra', 'ad', NULL, NULL, NULL, NULL, NULL, NULL, NULL, NULL, NULL, NULL, NULL, NULL, NULL, NULL, NULL, NULL),
(6, 'Angola', 'ao', NULL, NULL, NULL, NULL, NULL, NULL, NULL, NULL, NULL, NULL, NULL, NULL, NULL, NULL, NULL, NULL),
(7, 'Anguilla', 'ai', NULL, NULL, NULL, NULL, NULL, NULL, NULL, NULL, NULL, NULL, NULL, NULL, NULL, NULL, NULL, NULL),
(8, 'Antarctica', 'aq', NULL, NULL, NULL, NULL, NULL, NULL, NULL, NULL, NULL, NULL, NULL, NULL, NULL, NULL, NULL, NULL),
(9, 'Antigua and Barbuda', 'ag', NULL, NULL, NULL, NULL, NULL, NULL, NULL, NULL, NULL, NULL, NULL, NULL, NULL, NULL, NULL, NULL),
(10, 'Argentina', 'ar', NULL, NULL, NULL, NULL, NULL, NULL, NULL, NULL, NULL, NULL, NULL, NULL, NULL, NULL, NULL, NULL),
(11, 'Armenia', 'am', NULL, NULL, NULL, NULL, NULL, NULL, NULL, NULL, NULL, NULL, NULL, NULL, NULL, NULL, NULL, NULL),
(12, 'Aruba', 'aw', NULL, NULL, NULL, NULL, NULL, NULL, NULL, NULL, NULL, NULL, NULL, NULL, NULL, NULL, NULL, NULL),
(13, 'Australia', 'au', NULL, NULL, NULL, NULL, NULL, NULL, NULL, NULL, NULL, NULL, NULL, NULL, NULL, NULL, NULL, NULL),
(14, 'Austria', 'at', NULL, NULL, NULL, NULL, NULL, NULL, NULL, NULL, NULL, NULL, NULL, NULL, NULL, NULL, NULL, NULL),
(15, 'Azerbaijan', 'az', NULL, NULL, NULL, NULL, NULL, NULL, NULL, NULL, NULL, NULL, NULL, NULL, NULL, NULL, NULL, NULL),
(16, 'Bahamas', 'bs', NULL, NULL, NULL, NULL, NULL, NULL, NULL, NULL, NULL, NULL, NULL, NULL, NULL, NULL, NULL, NULL),
(17, 'Bahrain', 'bh', NULL, NULL, NULL, NULL, NULL, NULL, NULL, NULL, NULL, NULL, NULL, NULL, NULL, NULL, NULL, NULL),
(18, 'Bangladesh', 'bd', NULL, NULL, NULL, NULL, NULL, NULL, NULL, NULL, NULL, NULL, NULL, NULL, NULL, NULL, NULL, NULL),
(19, 'Barbados', 'bb', NULL, NULL, NULL, NULL, NULL, NULL, NULL, NULL, NULL, NULL, NULL, NULL, NULL, NULL, NULL, NULL),
(20, 'Belarus', 'by', NULL, NULL, NULL, NULL, NULL, NULL, NULL, NULL, NULL, NULL, NULL, NULL, NULL, NULL, NULL, NULL),
(21, 'Belgium', 'be', NULL, NULL, NULL, NULL, NULL, NULL, NULL, NULL, NULL, NULL, NULL, NULL, NULL, NULL, NULL, NULL),
(22, 'Belize', 'bz', NULL, NULL, NULL, NULL, NULL, NULL, NULL, NULL, NULL, NULL, NULL, NULL, NULL, NULL, NULL, NULL),
(23, 'Benin', 'bj', NULL, NULL, NULL, NULL, NULL, NULL, NULL, NULL, NULL, NULL, NULL, NULL, NULL, NULL, NULL, NULL),
(24, 'Bermuda', 'bm', NULL, NULL, NULL, NULL, NULL, NULL, NULL, NULL, NULL, NULL, NULL, NULL, NULL, NULL, NULL, NULL),
(25, 'Bhutan', 'bt', NULL, NULL, NULL, NULL, NULL, NULL, NULL, NULL, NULL, NULL, NULL, NULL, NULL, NULL, NULL, NULL),
(26, 'Bolivia', 'bo', NULL, NULL, NULL, NULL, NULL, NULL, NULL, NULL, NULL, NULL, NULL, NULL, NULL, NULL, NULL, NULL),
(27, 'Bosnia and Herzegovina', 'ba', NULL, NULL, NULL, NULL, NULL, NULL, NULL, NULL, NULL, NULL, NULL, NULL, NULL, NULL, NULL, NULL),
(28, 'Botswana', 'bw', NULL, NULL, NULL, NULL, NULL, NULL, NULL, NULL, NULL, NULL, NULL, NULL, NULL, NULL, NULL, NULL),
(29, 'Brazil', 'br', NULL, NULL, NULL, NULL, NULL, NULL, NULL, NULL, NULL, NULL, NULL, NULL, NULL, NULL, NULL, NULL),
(30, 'British Indian Ocean Territory', 'io', NULL, NULL, NULL, NULL, NULL, NULL, NULL, NULL, NULL, NULL, NULL, NULL, NULL, NULL, NULL, NULL),
(31, 'British Virgin Islands', 'vg', NULL, NULL, NULL, NULL, NULL, NULL, NULL, NULL, NULL, NULL, NULL, NULL, NULL, NULL, NULL, NULL),
(32, 'Brunei', 'bn', NULL, NULL, NULL, NULL, NULL, NULL, NULL, NULL, NULL, NULL, NULL, NULL, NULL, NULL, NULL, NULL),
(33, 'Bulgaria', 'bg', NULL, NULL, NULL, NULL, NULL, NULL, NULL, NULL, NULL, NULL, NULL, NULL, NULL, NULL, NULL, NULL),
(34, 'Burkina Faso', 'bf', NULL, NULL, NULL, NULL, NULL, NULL, NULL, NULL, NULL, NULL, NULL, NULL, NULL, NULL, NULL, NULL),
(35, 'Burundi', 'bi', NULL, NULL, NULL, NULL, NULL, NULL, NULL, NULL, NULL, NULL, NULL, NULL, NULL, NULL, NULL, NULL),
(36, 'Cambodia', 'kh', NULL, NULL, NULL, NULL, NULL, NULL, NULL, NULL, NULL, NULL, NULL, NULL, NULL, NULL, NULL, NULL),
(37, 'Cameroon', 'cm', NULL, NULL, NULL, NULL, NULL, NULL, NULL, NULL, NULL, NULL, NULL, NULL, NULL, NULL, NULL, NULL),
(38, 'Canada', 'ca', NULL, NULL, NULL, NULL, NULL, NULL, NULL, NULL, NULL, NULL, NULL, NULL, NULL, NULL, NULL, NULL),
(39, 'Cape Verde', 'cv', NULL, NULL, NULL, NULL, NULL, NULL, NULL, NULL, NULL, NULL, NULL, NULL, NULL, NULL, NULL, NULL),
(40, 'Cayman Islands', 'ky', NULL, NULL, NULL, NULL, NULL, NULL, NULL, NULL, NULL, NULL, NULL, NULL, NULL, NULL, NULL, NULL),
(41, 'Central African Republic', 'cf', NULL, NULL, NULL, NULL, NULL, NULL, NULL, NULL, NULL, NULL, NULL, NULL, NULL, NULL, NULL, NULL),
(42, 'Chad', 'td', NULL, NULL, NULL, NULL, NULL, NULL, NULL, NULL, NULL, NULL, NULL, NULL, NULL, NULL, NULL, NULL),
(43, 'Chile', 'cl', NULL, NULL, NULL, NULL, NULL, NULL, NULL, NULL, NULL, NULL, NULL, NULL, NULL, NULL, NULL, NULL),
(44, 'China', 'cn', NULL, NULL, NULL, NULL, NULL, NULL, NULL, NULL, NULL, NULL, NULL, NULL, NULL, NULL, NULL, NULL),
(45, 'Christmas Island', 'cx', NULL, NULL, NULL, NULL, NULL, NULL, NULL, NULL, NULL, NULL, NULL, NULL, NULL, NULL, NULL, NULL),
(46, 'Cocos Islands', 'cc', NULL, NULL, NULL, NULL, NULL, NULL, NULL, NULL, NULL, NULL, NULL, NULL, NULL, NULL, NULL, NULL),
(47, 'Colombia', 'co', NULL, NULL, NULL, NULL, NULL, NULL, NULL, NULL, NULL, NULL, NULL, NULL, NULL, NULL, NULL, NULL),
(48, 'Comoros', 'km', NULL, NULL, NULL, NULL, NULL, NULL, NULL, NULL, NULL, NULL, NULL, NULL, NULL, NULL, NULL, NULL),
(49, 'Cook Islands', 'ck', NULL, NULL, NULL, NULL, NULL, NULL, NULL, NULL, NULL, NULL, NULL, NULL, NULL, NULL, NULL, NULL),
(50, 'Costa Rica', 'cr', NULL, NULL, NULL, NULL, NULL, NULL, NULL, NULL, NULL, NULL, NULL, NULL, NULL, NULL, NULL, NULL),
(51, 'Croatia', 'hr', NULL, NULL, NULL, NULL, NULL, NULL, NULL, NULL, NULL, NULL, NULL, NULL, NULL, NULL, NULL, NULL),
(52, 'Cuba', 'cu', NULL, NULL, NULL, NULL, NULL, NULL, NULL, NULL, NULL, NULL, NULL, NULL, NULL, NULL, NULL, NULL),
(53, 'Curacao', 'cw', NULL, NULL, NULL, NULL, NULL, NULL, NULL, NULL, NULL, NULL, NULL, NULL, NULL, NULL, NULL, NULL),
(54, 'Cyprus', 'cy', NULL, NULL, NULL, NULL, NULL, NULL, NULL, NULL, NULL, NULL, NULL, NULL, NULL, NULL, NULL, NULL),
(55, 'Czech Republic', 'cz', NULL, NULL, NULL, NULL, NULL, NULL, NULL, NULL, NULL, NULL, NULL, NULL, NULL, NULL, NULL, NULL),
(56, 'Democratic Republic of the Congo', 'cd', NULL, NULL, NULL, NULL, NULL, NULL, NULL, NULL, NULL, NULL, NULL, NULL, NULL, NULL, NULL, NULL),
(57, 'Denmark', 'dk', NULL, NULL, NULL, NULL, NULL, NULL, NULL, NULL, NULL, NULL, NULL, NULL, NULL, NULL, NULL, NULL),
(58, 'Djibouti', 'dj', NULL, NULL, NULL, NULL, NULL, NULL, NULL, NULL, NULL, NULL, NULL, NULL, NULL, NULL, NULL, NULL),
(59, 'Dominica', 'dm', NULL, NULL, NULL, NULL, NULL, NULL, NULL, NULL, NULL, NULL, NULL, NULL, NULL, NULL, NULL, NULL),
(60, 'Dominican Republic', 'do', NULL, NULL, NULL, NULL, NULL, NULL, NULL, NULL, NULL, NULL, NULL, NULL, NULL, NULL, NULL, NULL),
(61, 'East Timor', 'tl', NULL, NULL, NULL, NULL, NULL, NULL, NULL, NULL, NULL, NULL, NULL, NULL, NULL, NULL, NULL, NULL),
(62, 'Ecuador', 'ec', NULL, NULL, NULL, NULL, NULL, NULL, NULL, NULL, NULL, NULL, NULL, NULL, NULL, NULL, NULL, NULL),
(63, 'Egypt', 'eg', NULL, NULL, NULL, NULL, NULL, NULL, NULL, NULL, NULL, NULL, NULL, NULL, NULL, NULL, NULL, NULL),
(64, 'El Salvador', 'sv', NULL, NULL, NULL, NULL, NULL, NULL, NULL, NULL, NULL, NULL, NULL, NULL, NULL, NULL, NULL, NULL),
(65, 'Equatorial Guinea', 'gq', NULL, NULL, NULL, NULL, NULL, NULL, NULL, NULL, NULL, NULL, NULL, NULL, NULL, NULL, NULL, NULL),
(66, 'Eritrea', 'er', NULL, NULL, NULL, NULL, NULL, NULL, NULL, NULL, NULL, NULL, NULL, NULL, NULL, NULL, NULL, NULL),
(67, 'Estonia', 'ee', NULL, NULL, NULL, NULL, NULL, NULL, NULL, NULL, NULL, NULL, NULL, NULL, NULL, NULL, NULL, NULL),
(68, 'Ethiopia', 'et', NULL, NULL, NULL, NULL, NULL, NULL, NULL, NULL, NULL, NULL, NULL, NULL, NULL, NULL, NULL, NULL),
(69, 'Falkland Islands', 'fk', NULL, NULL, NULL, NULL, NULL, NULL, NULL, NULL, NULL, NULL, NULL, NULL, NULL, NULL, NULL, NULL),
(70, 'Faroe Islands', 'fo', NULL, NULL, NULL, NULL, NULL, NULL, NULL, NULL, NULL, NULL, NULL, NULL, NULL, NULL, NULL, NULL),
(71, 'Fiji', 'fj', NULL, NULL, NULL, NULL, NULL, NULL, NULL, NULL, NULL, NULL, NULL, NULL, NULL, NULL, NULL, NULL),
(72, 'Finland', 'fi', NULL, NULL, NULL, NULL, NULL, NULL, NULL, NULL, NULL, NULL, NULL, NULL, NULL, NULL, NULL, NULL),
(73, 'France', 'fr', NULL, NULL, NULL, NULL, NULL, NULL, NULL, NULL, NULL, NULL, NULL, NULL, NULL, NULL, NULL, NULL),
(74, 'French Polynesia', 'pf', NULL, NULL, NULL, NULL, NULL, NULL, NULL, NULL, NULL, NULL, NULL, NULL, NULL, NULL, NULL, NULL),
(75, 'Gabon', 'ga', NULL, NULL, NULL, NULL, NULL, NULL, NULL, NULL, NULL, NULL, NULL, NULL, NULL, NULL, NULL, NULL),
(76, 'Gambia', 'gm', NULL, NULL, NULL, NULL, NULL, NULL, NULL, NULL, NULL, NULL, NULL, NULL, NULL, NULL, NULL, NULL),
(77, 'Georgia', 'ge', NULL, NULL, NULL, NULL, NULL, NULL, NULL, NULL, NULL, NULL, NULL, NULL, NULL, NULL, NULL, NULL),
(78, 'Germany', 'de', NULL, NULL, NULL, NULL, NULL, NULL, NULL, NULL, NULL, NULL, NULL, NULL, NULL, NULL, NULL, NULL),
(79, 'Ghana', 'gh', NULL, NULL, NULL, NULL, NULL, NULL, NULL, NULL, NULL, NULL, NULL, NULL, NULL, NULL, NULL, NULL),
(80, 'Gibraltar', 'gi', NULL, NULL, NULL, NULL, NULL, NULL, NULL, NULL, NULL, NULL, NULL, NULL, NULL, NULL, NULL, NULL),
(81, 'Greece', 'gr', NULL, NULL, NULL, NULL, NULL, NULL, NULL, NULL, NULL, NULL, NULL, NULL, NULL, NULL, NULL, NULL),
(82, 'Greenland', 'gl', NULL, NULL, NULL, NULL, NULL, NULL, NULL, NULL, NULL, NULL, NULL, NULL, NULL, NULL, NULL, NULL),
(83, 'Grenada', 'gd', NULL, NULL, NULL, NULL, NULL, NULL, NULL, NULL, NULL, NULL, NULL, NULL, NULL, NULL, NULL, NULL),
(84, 'Guam', 'gu', NULL, NULL, NULL, NULL, NULL, NULL, NULL, NULL, NULL, NULL, NULL, NULL, NULL, NULL, NULL, NULL),
(85, 'Guatemala', 'gt', NULL, NULL, NULL, NULL, NULL, NULL, NULL, NULL, NULL, NULL, NULL, NULL, NULL, NULL, NULL, NULL),
(86, 'Guernsey', 'gg', NULL, NULL, NULL, NULL, NULL, NULL, NULL, NULL, NULL, NULL, NULL, NULL, NULL, NULL, NULL, NULL),
(87, 'Guinea', 'gn', NULL, NULL, NULL, NULL, NULL, NULL, NULL, NULL, NULL, NULL, NULL, NULL, NULL, NULL, NULL, NULL),
(88, 'Guinea-Bissau', 'gw', NULL, NULL, NULL, NULL, NULL, NULL, NULL, NULL, NULL, NULL, NULL, NULL, NULL, NULL, NULL, NULL),
(89, 'Guyana', 'gy', NULL, NULL, NULL, NULL, NULL, NULL, NULL, NULL, NULL, NULL, NULL, NULL, NULL, NULL, NULL, NULL),
(90, 'Haiti', 'ht', NULL, NULL, NULL, NULL, NULL, NULL, NULL, NULL, NULL, NULL, NULL, NULL, NULL, NULL, NULL, NULL),
(91, 'Honduras', 'hn', NULL, NULL, NULL, NULL, NULL, NULL, NULL, NULL, NULL, NULL, NULL, NULL, NULL, NULL, NULL, NULL),
(92, 'Hong Kong', 'hk', NULL, NULL, NULL, NULL, NULL, NULL, NULL, NULL, NULL, NULL, NULL, NULL, NULL, NULL, NULL, NULL),
(93, 'Hungary', 'hu', NULL, NULL, NULL, NULL, NULL, NULL, NULL, NULL, NULL, NULL, NULL, NULL, NULL, NULL, NULL, NULL),
(94, 'Iceland', 'is', NULL, NULL, NULL, NULL, NULL, NULL, NULL, NULL, NULL, NULL, NULL, NULL, NULL, NULL, NULL, NULL),
(95, 'India', 'in', NULL, NULL, NULL, NULL, NULL, NULL, NULL, NULL, NULL, NULL, NULL, NULL, NULL, NULL, NULL, NULL),
(96, 'Indonesia', 'id', NULL, NULL, NULL, NULL, NULL, NULL, NULL, NULL, NULL, NULL, NULL, NULL, NULL, NULL, NULL, NULL),
(97, 'Iran', 'ir', NULL, NULL, NULL, NULL, NULL, NULL, NULL, NULL, NULL, NULL, NULL, NULL, NULL, NULL, NULL, NULL),
(98, 'Iraq', 'iq', NULL, NULL, NULL, NULL, NULL, NULL, NULL, NULL, NULL, NULL, NULL, NULL, NULL, NULL, NULL, NULL),
(99, 'Ireland', 'ie', NULL, NULL, NULL, NULL, NULL, NULL, NULL, NULL, NULL, NULL, NULL, NULL, NULL, NULL, NULL, NULL),
(100, 'Isle of Man', 'im', NULL, NULL, NULL, NULL, NULL, NULL, NULL, NULL, NULL, NULL, NULL, NULL, NULL, NULL, NULL, NULL),
(101, 'Israel', 'il', NULL, NULL, NULL, NULL, NULL, NULL, NULL, NULL, NULL, NULL, NULL, NULL, NULL, NULL, NULL, NULL),
(102, 'Italy', 'it', NULL, NULL, NULL, NULL, NULL, NULL, NULL, NULL, NULL, NULL, NULL, NULL, NULL, NULL, NULL, NULL),
(103, 'Ivory Coast', 'ci', NULL, NULL, NULL, NULL, NULL, NULL, NULL, NULL, NULL, NULL, NULL, NULL, NULL, NULL, NULL, NULL),
(104, 'Jamaica', 'jm', NULL, NULL, NULL, NULL, NULL, NULL, NULL, NULL, NULL, NULL, NULL, NULL, NULL, NULL, NULL, NULL),
(105, 'Japan', 'jp', NULL, NULL, NULL, NULL, NULL, NULL, NULL, NULL, NULL, NULL, NULL, NULL, NULL, NULL, NULL, NULL),
(106, 'Jersey', 'je', NULL, NULL, NULL, NULL, NULL, NULL, NULL, NULL, NULL, NULL, NULL, NULL, NULL, NULL, NULL, NULL),
(107, 'Jordan', 'jo', NULL, NULL, NULL, NULL, NULL, NULL, NULL, NULL, NULL, NULL, NULL, NULL, NULL, NULL, NULL, NULL),
(108, 'Kazakhstan', 'kz', NULL, NULL, NULL, NULL, NULL, NULL, NULL, NULL, NULL, NULL, NULL, NULL, NULL, NULL, NULL, NULL),
(109, 'Kenya', 'ke', NULL, NULL, NULL, NULL, NULL, NULL, NULL, NULL, NULL, NULL, NULL, NULL, NULL, NULL, NULL, NULL),
(110, 'Kiribati', 'ki', NULL, NULL, NULL, NULL, NULL, NULL, NULL, NULL, NULL, NULL, NULL, NULL, NULL, NULL, NULL, NULL),
(111, 'Kosovo', 'xk', NULL, NULL, NULL, NULL, NULL, NULL, NULL, NULL, NULL, NULL, NULL, NULL, NULL, NULL, NULL, NULL),
(112, 'Kuwait', 'kw', NULL, NULL, NULL, NULL, NULL, NULL, NULL, NULL, NULL, NULL, NULL, NULL, NULL, NULL, NULL, NULL),
(113, 'Kyrgyzstan', 'kg', NULL, NULL, NULL, NULL, NULL, NULL, NULL, NULL, NULL, NULL, NULL, NULL, NULL, NULL, NULL, NULL),
(114, 'Laos', 'la', NULL, NULL, NULL, NULL, NULL, NULL, NULL, NULL, NULL, NULL, NULL, NULL, NULL, NULL, NULL, NULL),
(115, 'Latvia', 'lv', NULL, NULL, NULL, NULL, NULL, NULL, NULL, NULL, NULL, NULL, NULL, NULL, NULL, NULL, NULL, NULL),
(116, 'Lebanon', 'lb', NULL, NULL, NULL, NULL, NULL, NULL, NULL, NULL, NULL, NULL, NULL, NULL, NULL, NULL, NULL, NULL),
(117, 'Lesotho', 'ls', NULL, NULL, NULL, NULL, NULL, NULL, NULL, NULL, NULL, NULL, NULL, NULL, NULL, NULL, NULL, NULL),
(118, 'Liberia', 'lr', NULL, NULL, NULL, NULL, NULL, NULL, NULL, NULL, NULL, NULL, NULL, NULL, NULL, NULL, NULL, NULL),
(119, 'Libya', 'ly', NULL, NULL, NULL, NULL, NULL, NULL, NULL, NULL, NULL, NULL, NULL, NULL, NULL, NULL, NULL, NULL),
(120, 'Liechtenstein', 'li', NULL, NULL, NULL, NULL, NULL, NULL, NULL, NULL, NULL, NULL, NULL, NULL, NULL, NULL, NULL, NULL),
(121, 'Lithuania', 'lt', NULL, NULL, NULL, NULL, NULL, NULL, NULL, NULL, NULL, NULL, NULL, NULL, NULL, NULL, NULL, NULL),
(122, 'Luxembourg', 'lu', NULL, NULL, NULL, NULL, NULL, NULL, NULL, NULL, NULL, NULL, NULL, NULL, NULL, NULL, NULL, NULL),
(123, 'Macau', 'mo', NULL, NULL, NULL, NULL, NULL, NULL, NULL, NULL, NULL, NULL, NULL, NULL, NULL, NULL, NULL, NULL),
(124, 'Macedonia', 'mk', NULL, NULL, NULL, NULL, NULL, NULL, NULL, NULL, NULL, NULL, NULL, NULL, NULL, NULL, NULL, NULL),
(125, 'Madagascar', 'mg', NULL, NULL, NULL, NULL, NULL, NULL, NULL, NULL, NULL, NULL, NULL, NULL, NULL, NULL, NULL, NULL),
(126, 'Malawi', 'mw', NULL, NULL, NULL, NULL, NULL, NULL, NULL, NULL, NULL, NULL, NULL, NULL, NULL, NULL, NULL, NULL),
(127, 'Malaysia', 'my', NULL, NULL, NULL, NULL, NULL, NULL, NULL, NULL, NULL, NULL, NULL, NULL, NULL, NULL, NULL, NULL),
(128, 'Maldives', 'mv', NULL, NULL, NULL, NULL, NULL, NULL, NULL, NULL, NULL, NULL, NULL, NULL, NULL, NULL, NULL, NULL),
(129, 'Mali', 'ml', NULL, NULL, NULL, NULL, NULL, NULL, NULL, NULL, NULL, NULL, NULL, NULL, NULL, NULL, NULL, NULL),
(130, 'Malta', 'mt', NULL, NULL, NULL, NULL, NULL, NULL, NULL, NULL, NULL, NULL, NULL, NULL, NULL, NULL, NULL, NULL),
(131, 'Marshall Islands', 'mh', NULL, NULL, NULL, NULL, NULL, NULL, NULL, NULL, NULL, NULL, NULL, NULL, NULL, NULL, NULL, NULL),
(132, 'Mauritania', 'mr', NULL, NULL, NULL, NULL, NULL, NULL, NULL, NULL, NULL, NULL, NULL, NULL, NULL, NULL, NULL, NULL),
(133, 'Mauritius', 'mu', NULL, NULL, NULL, NULL, NULL, NULL, NULL, NULL, NULL, NULL, NULL, NULL, NULL, NULL, NULL, NULL),
(134, 'Mayotte', 'yt', NULL, NULL, NULL, NULL, NULL, NULL, NULL, NULL, NULL, NULL, NULL, NULL, NULL, NULL, NULL, NULL),
(135, 'Mexico', 'mx', NULL, NULL, NULL, NULL, NULL, NULL, NULL, NULL, NULL, NULL, NULL, NULL, NULL, NULL, NULL, NULL),
(136, 'Micronesia', 'fm', NULL, NULL, NULL, NULL, NULL, NULL, NULL, NULL, NULL, NULL, NULL, NULL, NULL, NULL, NULL, NULL),
(137, 'Moldova', 'md', NULL, NULL, NULL, NULL, NULL, NULL, NULL, NULL, NULL, NULL, NULL, NULL, NULL, NULL, NULL, NULL),
(138, 'Monaco', 'mc', NULL, NULL, NULL, NULL, NULL, NULL, NULL, NULL, NULL, NULL, NULL, NULL, NULL, NULL, NULL, NULL),
(139, 'Mongolia', 'mn', NULL, NULL, NULL, NULL, NULL, NULL, NULL, NULL, NULL, NULL, NULL, NULL, NULL, NULL, NULL, NULL),
(140, 'Montenegro', 'me', NULL, NULL, NULL, NULL, NULL, NULL, NULL, NULL, NULL, NULL, NULL, NULL, NULL, NULL, NULL, NULL),
(141, 'Montserrat', 'ms', NULL, NULL, NULL, NULL, NULL, NULL, NULL, NULL, NULL, NULL, NULL, NULL, NULL, NULL, NULL, NULL),
(142, 'Morocco', 'ma', NULL, NULL, NULL, NULL, NULL, NULL, NULL, NULL, NULL, NULL, NULL, NULL, NULL, NULL, NULL, NULL),
(143, 'Mozambique', 'mz', NULL, NULL, NULL, NULL, NULL, NULL, NULL, NULL, NULL, NULL, NULL, NULL, NULL, NULL, NULL, NULL),
(144, 'Myanmar', 'mm', NULL, NULL, NULL, NULL, NULL, NULL, NULL, NULL, NULL, NULL, NULL, NULL, NULL, NULL, NULL, NULL),
(145, 'Namibia', 'na', NULL, NULL, NULL, NULL, NULL, NULL, NULL, NULL, NULL, NULL, NULL, NULL, NULL, NULL, NULL, NULL),
(146, 'Nauru', 'nr', NULL, NULL, NULL, NULL, NULL, NULL, NULL, NULL, NULL, NULL, NULL, NULL, NULL, NULL, NULL, NULL),
(147, 'Nepal', 'np', NULL, NULL, NULL, NULL, NULL, NULL, NULL, NULL, NULL, NULL, NULL, NULL, NULL, NULL, NULL, NULL),
(148, 'Netherlands', 'nl', NULL, NULL, NULL, NULL, NULL, NULL, NULL, NULL, NULL, NULL, NULL, NULL, NULL, NULL, NULL, NULL),
(149, 'Netherlands Antilles', 'an', NULL, NULL, NULL, NULL, NULL, NULL, NULL, NULL, NULL, NULL, NULL, NULL, NULL, NULL, NULL, NULL),
(150, 'New Caledonia', 'nc', NULL, NULL, NULL, NULL, NULL, NULL, NULL, NULL, NULL, NULL, NULL, NULL, NULL, NULL, NULL, NULL),
(151, 'New Zealand', 'nz', NULL, NULL, NULL, NULL, NULL, NULL, NULL, NULL, NULL, NULL, NULL, NULL, NULL, NULL, NULL, NULL),
(152, 'Nicaragua', 'ni', NULL, NULL, NULL, NULL, NULL, NULL, NULL, NULL, NULL, NULL, NULL, NULL, NULL, NULL, NULL, NULL),
(153, 'Niger', 'ne', NULL, NULL, NULL, NULL, NULL, NULL, NULL, NULL, NULL, NULL, NULL, NULL, NULL, NULL, NULL, NULL),
(154, 'Nigeria', 'ng', NULL, NULL, NULL, NULL, NULL, NULL, NULL, NULL, NULL, NULL, NULL, NULL, NULL, NULL, NULL, NULL),
(155, 'Niue', 'nu', NULL, NULL, NULL, NULL, NULL, NULL, NULL, NULL, NULL, NULL, NULL, NULL, NULL, NULL, NULL, NULL),
(156, 'North Korea', 'kp', NULL, NULL, NULL, NULL, NULL, NULL, NULL, NULL, NULL, NULL, NULL, NULL, NULL, NULL, NULL, NULL),
(157, 'Northern Mariana Islands', 'mp', NULL, NULL, NULL, NULL, NULL, NULL, NULL, NULL, NULL, NULL, NULL, NULL, NULL, NULL, NULL, NULL),
(158, 'Norway', 'no', NULL, NULL, NULL, NULL, NULL, NULL, NULL, NULL, NULL, NULL, NULL, NULL, NULL, NULL, NULL, NULL),
(159, 'Oman', 'om', NULL, NULL, NULL, NULL, NULL, NULL, NULL, NULL, NULL, NULL, NULL, NULL, NULL, NULL, NULL, NULL),
(160, 'Pakistan', 'pk', NULL, NULL, NULL, NULL, NULL, NULL, NULL, NULL, NULL, NULL, NULL, NULL, NULL, NULL, NULL, NULL),
(161, 'Palau', 'pw', NULL, NULL, NULL, NULL, NULL, NULL, NULL, NULL, NULL, NULL, NULL, NULL, NULL, NULL, NULL, NULL),
(162, 'Palestine', 'ps', NULL, NULL, NULL, NULL, NULL, NULL, NULL, NULL, NULL, NULL, NULL, NULL, NULL, NULL, NULL, NULL),
(163, 'Panama', 'pa', NULL, NULL, NULL, NULL, NULL, NULL, NULL, NULL, NULL, NULL, NULL, NULL, NULL, NULL, NULL, NULL),
(164, 'Papua New Guinea', 'pg', NULL, NULL, NULL, NULL, NULL, NULL, NULL, NULL, NULL, NULL, NULL, NULL, NULL, NULL, NULL, NULL),
(165, 'Paraguay', 'py', NULL, NULL, NULL, NULL, NULL, NULL, NULL, NULL, NULL, NULL, NULL, NULL, NULL, NULL, NULL, NULL),
(166, 'Peru', 'pe', NULL, NULL, NULL, NULL, NULL, NULL, NULL, NULL, NULL, NULL, NULL, NULL, NULL, NULL, NULL, NULL),
(167, 'Philippines', 'ph', NULL, NULL, NULL, NULL, NULL, NULL, NULL, NULL, NULL, NULL, NULL, NULL, NULL, NULL, NULL, NULL),
(168, 'Pitcairn', 'pn', NULL, NULL, NULL, NULL, NULL, NULL, NULL, NULL, NULL, NULL, NULL, NULL, NULL, NULL, NULL, NULL),
(169, 'Poland', 'pl', NULL, NULL, NULL, NULL, NULL, NULL, NULL, NULL, NULL, NULL, NULL, NULL, NULL, NULL, NULL, NULL),
(170, 'Portugal', 'pt', NULL, NULL, NULL, NULL, NULL, NULL, NULL, NULL, NULL, NULL, NULL, NULL, NULL, NULL, NULL, NULL),
(171, 'Puerto Rico', 'pr', NULL, NULL, NULL, NULL, NULL, NULL, NULL, NULL, NULL, NULL, NULL, NULL, NULL, NULL, NULL, NULL),
(172, 'Qatar', 'qa', NULL, NULL, NULL, NULL, NULL, NULL, NULL, NULL, NULL, NULL, NULL, NULL, NULL, NULL, NULL, NULL),
(173, 'Republic of the Congo', 'cg', NULL, NULL, NULL, NULL, NULL, NULL, NULL, NULL, NULL, NULL, NULL, NULL, NULL, NULL, NULL, NULL),
(174, 'Reunion', 're', NULL, NULL, NULL, NULL, NULL, NULL, NULL, NULL, NULL, NULL, NULL, NULL, NULL, NULL, NULL, NULL),
(175, 'Romania', 'ro', NULL, NULL, NULL, NULL, NULL, NULL, NULL, NULL, NULL, NULL, NULL, NULL, NULL, NULL, NULL, NULL),
(176, 'Russia', 'ru', NULL, NULL, NULL, NULL, NULL, NULL, NULL, NULL, NULL, NULL, NULL, NULL, NULL, NULL, NULL, NULL),
(177, 'Rwanda', 'rw', NULL, NULL, NULL, NULL, NULL, NULL, NULL, NULL, NULL, NULL, NULL, NULL, NULL, NULL, NULL, NULL),
(178, 'Saint Barthelemy', 'bl', NULL, NULL, NULL, NULL, NULL, NULL, NULL, NULL, NULL, NULL, NULL, NULL, NULL, NULL, NULL, NULL),
(179, 'Saint Helena', 'sh', NULL, NULL, NULL, NULL, NULL, NULL, NULL, NULL, NULL, NULL, NULL, NULL, NULL, NULL, NULL, NULL),
(180, 'Saint Kitts and Nevis', 'kn', NULL, NULL, NULL, NULL, NULL, NULL, NULL, NULL, NULL, NULL, NULL, NULL, NULL, NULL, NULL, NULL),
(181, 'Saint Lucia', 'lc', NULL, NULL, NULL, NULL, NULL, NULL, NULL, NULL, NULL, NULL, NULL, NULL, NULL, NULL, NULL, NULL),
(182, 'Saint Martin', 'mf', NULL, NULL, NULL, NULL, NULL, NULL, NULL, NULL, NULL, NULL, NULL, NULL, NULL, NULL, NULL, NULL),
(183, 'Saint Pierre and Miquelon', 'pm', NULL, NULL, NULL, NULL, NULL, NULL, NULL, NULL, NULL, NULL, NULL, NULL, NULL, NULL, NULL, NULL),
(184, 'Saint Vincent and the Grenadines', 'vc', NULL, NULL, NULL, NULL, NULL, NULL, NULL, NULL, NULL, NULL, NULL, NULL, NULL, NULL, NULL, NULL),
(185, 'Samoa', 'ws', NULL, NULL, NULL, NULL, NULL, NULL, NULL, NULL, NULL, NULL, NULL, NULL, NULL, NULL, NULL, NULL),
(186, 'San Marino', 'sm', NULL, NULL, NULL, NULL, NULL, NULL, NULL, NULL, NULL, NULL, NULL, NULL, NULL, NULL, NULL, NULL),
(187, 'Sao Tome and Principe', 'st', NULL, NULL, NULL, NULL, NULL, NULL, NULL, NULL, NULL, NULL, NULL, NULL, NULL, NULL, NULL, NULL),
(188, 'Saudi Arabia', 'sa', NULL, NULL, NULL, NULL, NULL, NULL, NULL, NULL, NULL, NULL, NULL, NULL, NULL, NULL, NULL, NULL),
(189, 'Senegal', 'sn', NULL, NULL, NULL, NULL, NULL, NULL, NULL, NULL, NULL, NULL, NULL, NULL, NULL, NULL, NULL, NULL),
(190, 'Serbia', 'rs', NULL, NULL, NULL, NULL, NULL, NULL, NULL, NULL, NULL, NULL, NULL, NULL, NULL, NULL, NULL, NULL),
(191, 'Seychelles', 'sc', NULL, NULL, NULL, NULL, NULL, NULL, NULL, NULL, NULL, NULL, NULL, NULL, NULL, NULL, NULL, NULL),
(192, 'Sierra Leone', 'sl', NULL, NULL, NULL, NULL, NULL, NULL, NULL, NULL, NULL, NULL, NULL, NULL, NULL, NULL, NULL, NULL),
(193, 'Singapore', 'sg', NULL, NULL, NULL, NULL, NULL, NULL, NULL, NULL, NULL, NULL, NULL, NULL, NULL, NULL, NULL, NULL),
(194, 'Sint Maarten', 'sx', NULL, NULL, NULL, NULL, NULL, NULL, NULL, NULL, NULL, NULL, NULL, NULL, NULL, NULL, NULL, NULL),
(195, 'Slovakia', 'sk', NULL, NULL, NULL, NULL, NULL, NULL, NULL, NULL, NULL, NULL, NULL, NULL, NULL, NULL, NULL, NULL),
(196, 'Slovenia', 'si', NULL, NULL, NULL, NULL, NULL, NULL, NULL, NULL, NULL, NULL, NULL, NULL, NULL, NULL, NULL, NULL),
(197, 'Solomon Islands', 'sb', NULL, NULL, NULL, NULL, NULL, NULL, NULL, NULL, NULL, NULL, NULL, NULL, NULL, NULL, NULL, NULL),
(198, 'Somalia', 'so', NULL, NULL, NULL, NULL, NULL, NULL, NULL, NULL, NULL, NULL, NULL, NULL, NULL, NULL, NULL, NULL),
(199, 'South Africa', 'za', NULL, NULL, NULL, NULL, NULL, NULL, NULL, NULL, NULL, NULL, NULL, NULL, NULL, NULL, NULL, NULL),
(200, 'South Korea', 'kr', NULL, NULL, NULL, NULL, NULL, NULL, NULL, NULL, NULL, NULL, NULL, NULL, NULL, NULL, NULL, NULL),
(201, 'South Sudan', 'ss', NULL, NULL, NULL, NULL, NULL, NULL, NULL, NULL, NULL, NULL, NULL, NULL, NULL, NULL, NULL, NULL),
(202, 'Spain', 'es', NULL, NULL, NULL, NULL, NULL, NULL, NULL, NULL, NULL, NULL, NULL, NULL, NULL, NULL, NULL, NULL),
(203, 'Sri Lanka', 'lk', NULL, NULL, NULL, NULL, NULL, NULL, NULL, NULL, NULL, NULL, NULL, NULL, NULL, NULL, NULL, NULL),
(204, 'Sudan', 'sd', NULL, NULL, NULL, NULL, NULL, NULL, NULL, NULL, NULL, NULL, NULL, NULL, NULL, NULL, NULL, NULL),
(205, 'Suriname', 'sr', NULL, NULL, NULL, NULL, NULL, NULL, NULL, NULL, NULL, NULL, NULL, NULL, NULL, NULL, NULL, NULL),
(206, 'Svalbard and Jan Mayen', 'sj', NULL, NULL, NULL, NULL, NULL, NULL, NULL, NULL, NULL, NULL, NULL, NULL, NULL, NULL, NULL, NULL),
(207, 'Swaziland', 'sz', NULL, NULL, NULL, NULL, NULL, NULL, NULL, NULL, NULL, NULL, NULL, NULL, NULL, NULL, NULL, NULL),
(208, 'Sweden', 'se', NULL, NULL, NULL, NULL, NULL, NULL, NULL, NULL, NULL, NULL, NULL, NULL, NULL, NULL, NULL, NULL),
(209, 'Switzerland', 'ch', NULL, NULL, NULL, NULL, NULL, NULL, NULL, NULL, NULL, NULL, NULL, NULL, NULL, NULL, NULL, NULL),
(210, 'Syria', 'sy', NULL, NULL, NULL, NULL, NULL, NULL, NULL, NULL, NULL, NULL, NULL, NULL, NULL, NULL, NULL, NULL),
(211, 'Taiwan', 'tw', NULL, NULL, NULL, NULL, NULL, NULL, NULL, NULL, NULL, NULL, NULL, NULL, NULL, NULL, NULL, NULL),
(212, 'Tajikistan', 'tj', NULL, NULL, NULL, NULL, NULL, NULL, NULL, NULL, NULL, NULL, NULL, NULL, NULL, NULL, NULL, NULL),
(213, 'Tanzania', 'tz', NULL, NULL, NULL, NULL, NULL, NULL, NULL, NULL, NULL, NULL, NULL, NULL, NULL, NULL, NULL, NULL),
(214, 'Thailand', 'th', NULL, NULL, NULL, NULL, NULL, NULL, NULL, NULL, NULL, NULL, NULL, NULL, NULL, NULL, NULL, NULL),
(215, 'Togo', 'tg', NULL, NULL, NULL, NULL, NULL, NULL, NULL, NULL, NULL, NULL, NULL, NULL, NULL, NULL, NULL, NULL),
(216, 'Tokelau', 'tk', NULL, NULL, NULL, NULL, NULL, NULL, NULL, NULL, NULL, NULL, NULL, NULL, NULL, NULL, NULL, NULL),
(217, 'Tonga', 'to', NULL, NULL, NULL, NULL, NULL, NULL, NULL, NULL, NULL, NULL, NULL, NULL, NULL, NULL, NULL, NULL),
(218, 'Trinidad and Tobago', 'tt', NULL, NULL, NULL, NULL, NULL, NULL, NULL, NULL, NULL, NULL, NULL, NULL, NULL, NULL, NULL, NULL),
(219, 'Tunisia', 'tn', NULL, NULL, NULL, NULL, NULL, NULL, NULL, NULL, NULL, NULL, NULL, NULL, NULL, NULL, NULL, NULL),
(220, 'Turkey', 'tr', NULL, NULL, NULL, NULL, NULL, NULL, NULL, NULL, NULL, NULL, NULL, NULL, NULL, NULL, NULL, NULL),
(221, 'Turkmenistan', 'tm', NULL, NULL, NULL, NULL, NULL, NULL, NULL, NULL, NULL, NULL, NULL, NULL, NULL, NULL, NULL, NULL),
(222, 'Turks and Caicos Islands', 'tc', NULL, NULL, NULL, NULL, NULL, NULL, NULL, NULL, NULL, NULL, NULL, NULL, NULL, NULL, NULL, NULL),
(223, 'Tuvalu', 'tv', NULL, NULL, NULL, NULL, NULL, NULL, NULL, NULL, NULL, NULL, NULL, NULL, NULL, NULL, NULL, NULL),
(224, 'U.S. Virgin Islands', 'vi', NULL, NULL, NULL, NULL, NULL, NULL, NULL, NULL, NULL, NULL, NULL, NULL, NULL, NULL, NULL, NULL),
(225, 'Uganda', 'ug', NULL, NULL, NULL, NULL, NULL, NULL, NULL, NULL, NULL, NULL, NULL, NULL, NULL, NULL, NULL, NULL),
(226, 'Ukraine', 'ua', NULL, NULL, NULL, NULL, NULL, NULL, NULL, NULL, NULL, NULL, NULL, NULL, NULL, NULL, NULL, NULL),
(227, 'United Arab Emirates', 'ae', NULL, NULL, NULL, NULL, NULL, NULL, NULL, NULL, NULL, NULL, NULL, NULL, NULL, NULL, NULL, NULL),
(228, 'United Kingdom', 'gb', NULL, NULL, NULL, NULL, NULL, NULL, NULL, NULL, NULL, NULL, NULL, NULL, NULL, NULL, NULL, NULL),
(229, 'United States', 'us', NULL, NULL, NULL, NULL, NULL, NULL, NULL, NULL, NULL, NULL, NULL, NULL, NULL, NULL, NULL, NULL),
(230, 'Uruguay', 'uy', NULL, NULL, NULL, NULL, NULL, NULL, NULL, NULL, NULL, NULL, NULL, NULL, NULL, NULL, NULL, NULL),
(231, 'Uzbekistan', 'uz', NULL, NULL, NULL, NULL, NULL, NULL, NULL, NULL, NULL, NULL, NULL, NULL, NULL, NULL, NULL, NULL),
(232, 'Vanuatu', 'vu', NULL, NULL, NULL, NULL, NULL, NULL, NULL, NULL, NULL, NULL, NULL, NULL, NULL, NULL, NULL, NULL),
(233, 'Vatican', 'va', NULL, NULL, NULL, NULL, NULL, NULL, NULL, NULL, NULL, NULL, NULL, NULL, NULL, NULL, NULL, NULL),
(234, 'Venezuela', 've', NULL, NULL, NULL, NULL, NULL, NULL, NULL, NULL, NULL, NULL, NULL, NULL, NULL, NULL, NULL, NULL),
(235, 'Vietnam', 'vn', NULL, NULL, NULL, NULL, NULL, NULL, NULL, NULL, NULL, NULL, NULL, NULL, NULL, NULL, NULL, NULL),
(236, 'Wallis and Futuna', 'wf', NULL, NULL, NULL, NULL, NULL, NULL, NULL, NULL, NULL, NULL, NULL, NULL, NULL, NULL, NULL, NULL),
(237, 'Western Sahara', 'eh', NULL, NULL, NULL, NULL, NULL, NULL, NULL, NULL, NULL, NULL, NULL, NULL, NULL, NULL, NULL, NULL),
(238, 'Yemen', 'ye', NULL, NULL, NULL, NULL, NULL, NULL, NULL, NULL, NULL, NULL, NULL, NULL, NULL, NULL, NULL, NULL),
(239, 'Zambia', 'zm', NULL, NULL, NULL, NULL, NULL, NULL, NULL, NULL, NULL, NULL, NULL, NULL, NULL, NULL, NULL, NULL),
(240, 'Zimbabwe', 'zw', NULL, NULL, NULL, NULL, NULL, NULL, NULL, NULL, NULL, NULL, NULL, NULL, NULL, NULL, NULL, NULL);

--
-- Dumping data for table `industries`
--

INSERT INTO `industries` (`id`, `name`, `description`, `minimum_salary`, `maximum_salary`, `education_level`, `training_level`, `language_course`, `language_course_level`, `banner_titile`, `banner_text`, `created_at`, `updated_at`, `deleted_at`) VALUES
(1, 'Car Industry', '<p>Sample</p>', '20000.00', '100000.00', NULL, NULL, 'yes', NULL, NULL, '<p>&nbsp;</p>', '2019-12-18 02:57:08', '2019-12-18 02:57:08', NULL),
(2, 'Construction', '<p>ssss</p>', NULL, NULL, NULL, NULL, NULL, NULL, NULL, '<p>&nbsp;</p>', '2019-12-18 02:57:35', '2019-12-18 02:57:35', NULL);

--
-- Dumping data for table `industry_user`
--

INSERT INTO `industry_user` (`user_id`, `industry_id`) VALUES
(2, 1),
(2, 2);

--
-- Dumping data for table `media`
--

INSERT INTO `media` (`id`, `model_type`, `model_id`, `collection_name`, `name`, `file_name`, `mime_type`, `disk`, `size`, `manipulations`, `custom_properties`, `responsive_images`, `order_column`, `created_at`, `updated_at`) VALUES
(1, 'App\\Company', 1, 'logo', '5decf3bd727b9_continental-motor logo', '5decf3bd727b9_continental-motor-logo.png', 'image/png', 'public', 5661, '[]', '{\"generated_conversions\": {\"thumb\": true}}', '[]', 1, '2019-12-08 07:00:25', '2019-12-08 07:00:25'),
(2, 'App\\User', 3, 'profile_picture', '5ded3a2a639ad_continental-motor logo', '5ded3a2a639ad_continental-motor-logo.png', 'image/png', 'public', 5661, '[]', '{\"generated_conversions\": {\"thumb\": true}}', '[]', 2, '2019-12-08 12:00:12', '2019-12-08 12:00:12'),
(3, 'App\\User', 1, 'profile_picture', '5dfcdacd9a36f_continental-motor logo', '5dfcdacd9a36f_continental-motor-logo.png', 'image/png', 'public', 5661, '[]', '{\"generated_conversions\": {\"thumb\": true}}', '[]', 3, '2019-12-20 08:29:35', '2019-12-20 08:29:35');

--
-- Dumping data for table `migrations`
--

INSERT INTO `migrations` (`id`, `migration`, `batch`) VALUES
(1, '2014_10_12_100000_create_password_resets_table', 1),
(2, '2016_06_01_000001_create_oauth_auth_codes_table', 1),
(3, '2016_06_01_000002_create_oauth_access_tokens_table', 1),
(4, '2016_06_01_000003_create_oauth_refresh_tokens_table', 1),
(5, '2016_06_01_000004_create_oauth_clients_table', 1),
(6, '2016_06_01_000005_create_oauth_personal_access_clients_table', 1),
(7, '2019_09_16_000004_create_cities_table', 1),
(8, '2019_09_16_000005_create_categories_table', 1),
(9, '2019_12_01_000002_create_settings_table', 1),
(10, '2019_12_01_000003_create_comments_table', 1),
(11, '2019_12_01_000008_create_destinations_table', 1),
(12, '2019_12_01_000009_create_visas_table', 1),
(13, '2019_12_01_062927_create_companies_table', 1),
(14, '2019_12_01_164738_create_languages_table', 1),
(15, '2019_12_01_171442_create_currencies_table', 1),
(16, '2019_12_07_000001_create_media_table', 1),
(17, '2019_12_07_000002_create_countries_table', 1),
(18, '2019_12_07_000003_create_experiences_table', 1),
(19, '2019_12_07_000004_create_employers_table', 1),
(20, '2019_12_07_000005_create_agents_table', 1),
(21, '2019_12_07_000006_create_permissions_table', 1),
(22, '2019_12_07_000007_create_industries_table', 1),
(23, '2019_12_07_000008_create_users_table', 1),
(24, '2019_12_07_000009_create_roles_table', 1),
(25, '2019_12_07_000010_create_industry_user_pivot_table', 1),
(26, '2019_12_07_000011_create_role_user_pivot_table', 1),
(27, '2019_12_07_000012_create_agent_country_pivot_table', 1),
(28, '2019_12_07_000013_create_agent_industry_pivot_table', 1),
(29, '2019_12_07_000014_create_agent_user_pivot_table', 1),
(30, '2019_12_07_000015_create_permission_role_pivot_table', 1),
(31, '2019_12_07_000016_create_country_employer_pivot_table', 1),
(32, '2019_12_07_000017_create_agent_employer_pivot_table', 1),
(33, '2019_12_07_000018_create_employer_industry_pivot_table', 1),
(34, '2019_12_07_000019_add_relationship_fields_to_users_table', 1),
(35, '2019_12_07_000020_add_relationship_fields_to_experiences_table', 1),
(36, '2019_12_15_063928_create_nationalities_table', 2),
(37, '2019_12_08_000008_create_users_table', 3);

--
-- Dumping data for table `nationalities`
--

INSERT INTO `nationalities` (`id`, `code`, `country`, `name`, `created_at`, `updated_at`) VALUES
(1, 'AF', 'Afghanistan', 'Afghan', NULL, NULL),
(2, 'AL', 'Albania', 'Albanian', NULL, NULL),
(3, 'AX', 'Aland Islands', 'Aland Islander', NULL, NULL),
(4, 'DZ', 'Algeria', 'Algerian', NULL, NULL),
(5, 'AS', 'American Samoa', 'American Samoan', NULL, NULL),
(6, 'AD', 'Andorra', 'Andorran', NULL, NULL),
(7, 'AO', 'Angola', 'Angolan', NULL, NULL),
(8, 'AI', 'Anguilla', 'Anguillan', NULL, NULL),
(9, 'AQ', 'Antarctica', 'Antarctican', NULL, NULL),
(10, 'AG', 'Antigua and Barbuda', 'Antiguan', NULL, NULL),
(11, 'AR', 'Argentina', 'Argentinian', NULL, NULL),
(12, 'AM', 'Armenia', 'Armenian', NULL, NULL),
(13, 'AW', 'Aruba', 'Aruban', NULL, NULL),
(14, 'AU', 'Australia', 'Australian', NULL, NULL),
(15, 'AT', 'Austria', 'Austrian', NULL, NULL),
(16, 'AZ', 'Azerbaijan', 'Azerbaijani', NULL, NULL),
(17, 'BS', 'Bahamas', 'Bahamian', NULL, NULL),
(18, 'BH', 'Bahrain', 'Bahraini', NULL, NULL),
(19, 'BD', 'Bangladesh', 'Bangladeshi', NULL, NULL),
(20, 'BB', 'Barbados', 'Barbadian', NULL, NULL),
(21, 'BY', 'Belarus', 'Belarusian', NULL, NULL),
(22, 'BE', 'Belgium', 'Belgian', NULL, NULL),
(23, 'BZ', 'Belize', 'Belizean', NULL, NULL),
(24, 'BJ', 'Benin', 'Beninese', NULL, NULL),
(25, 'BL', 'Saint Barthelemy', 'Saint Barthelmian', NULL, NULL),
(26, 'BM', 'Bermuda', 'Bermudan', NULL, NULL),
(27, 'BT', 'Bhutan', 'Bhutanese', NULL, NULL),
(28, 'BO', 'Bolivia', 'Bolivian', NULL, NULL),
(29, 'BA', 'Bosnia and Herzegovina', 'Bosnian / Herzegovinian', NULL, NULL),
(30, 'BW', 'Botswana', 'Botswanan', NULL, NULL),
(31, 'BV', 'Bouvet Island', 'Bouvetian', NULL, NULL),
(32, 'BR', 'Brazil', 'Brazilian', NULL, NULL),
(33, 'IO', 'British Indian Ocean Territory', 'British Indian Ocean Territory', NULL, NULL),
(34, 'BN', 'Brunei Darussalam', 'Bruneian', NULL, NULL),
(35, 'BG', 'Bulgaria', 'Bulgarian', NULL, NULL),
(36, 'BF', 'Burkina Faso', 'Burkinabe', NULL, NULL),
(37, 'BI', 'Burundi', 'Burundian', NULL, NULL),
(38, 'KH', 'Cambodia', 'Cambodian', NULL, NULL),
(39, 'CM', 'Cameroon', 'Cameroonian', NULL, NULL),
(40, 'CA', 'Canada', 'Canadian', NULL, NULL),
(41, 'CV', 'Cape Verde', 'Cape Verdean', NULL, NULL),
(42, 'KY', 'Cayman Islands', 'Caymanian', NULL, NULL),
(43, 'CF', 'Central African Republic', 'Central African', NULL, NULL),
(44, 'TD', 'Chad', 'Chadian', NULL, NULL),
(45, 'CL', 'Chile', 'Chilean', NULL, NULL),
(46, 'CN', 'China', 'Chinese', NULL, NULL),
(47, 'CX', 'Christmas Island', 'Christmas Islander', NULL, NULL),
(48, 'CC', 'Cocos (Keeling) Islands', 'Cocos Islander', NULL, NULL),
(49, 'CO', 'Colombia', 'Colombian', NULL, NULL),
(50, 'KM', 'Comoros', 'Comorian', NULL, NULL),
(51, 'CG', 'Congo', 'Congolese', NULL, NULL),
(52, 'CK', 'Cook Islands', 'Cook Islander', NULL, NULL),
(53, 'CR', 'Costa Rica', 'Costa Rican', NULL, NULL),
(54, 'HR', 'Croatia', 'Croatian', NULL, NULL),
(55, 'CU', 'Cuba', 'Cuban', NULL, NULL),
(56, 'CY', 'Cyprus', 'Cypriot', NULL, NULL),
(57, 'CW', 'Curaçao', 'Curacian', NULL, NULL),
(58, 'CZ', 'Czech Republic', 'Czech', NULL, NULL),
(59, 'DK', 'Denmark', 'Danish', NULL, NULL),
(60, 'DJ', 'Djibouti', 'Djiboutian', NULL, NULL),
(61, 'DM', 'Dominica', 'Dominican', NULL, NULL),
(62, 'DO', 'Dominican Republic', 'Dominican', NULL, NULL),
(63, 'EC', 'Ecuador', 'Ecuadorian', NULL, NULL),
(64, 'EG', 'Egypt', 'Egyptian', NULL, NULL),
(65, 'SV', 'El Salvador', 'Salvadoran', NULL, NULL),
(66, 'GQ', 'Equatorial Guinea', 'Equatorial Guinean', NULL, NULL),
(67, 'ER', 'Eritrea', 'Eritrean', NULL, NULL),
(68, 'EE', 'Estonia', 'Estonian', NULL, NULL),
(69, 'ET', 'Ethiopia', 'Ethiopian', NULL, NULL),
(70, 'FK', 'Falkland Islands (Malvinas)', 'Falkland Islander', NULL, NULL),
(71, 'FO', 'Faroe Islands', 'Faroese', NULL, NULL),
(72, 'FJ', 'Fiji', 'Fijian', NULL, NULL),
(73, 'FI', 'Finland', 'Finnish', NULL, NULL),
(74, 'FR', 'France', 'French', NULL, NULL),
(75, 'GF', 'French Guiana', 'French Guianese', NULL, NULL),
(76, 'PF', 'French Polynesia', 'French Polynesian', NULL, NULL),
(77, 'TF', 'French Southern and Antarctic Lands', 'French', NULL, NULL),
(78, 'GA', 'Gabon', 'Gabonese', NULL, NULL),
(79, 'GM', 'Gambia', 'Gambian', NULL, NULL),
(80, 'GE', 'Georgia', 'Georgian', NULL, NULL),
(81, 'DE', 'Germany', 'German', NULL, NULL),
(82, 'GH', 'Ghana', 'Ghanaian', NULL, NULL),
(83, 'GI', 'Gibraltar', 'Gibraltar', NULL, NULL),
(84, 'GG', 'Guernsey', 'Guernsian', NULL, NULL),
(85, 'GR', 'Greece', 'Greek', NULL, NULL),
(86, 'GL', 'Greenland', 'Greenlandic', NULL, NULL),
(87, 'GD', 'Grenada', 'Grenadian', NULL, NULL),
(88, 'GP', 'Guadeloupe', 'Guadeloupe', NULL, NULL),
(89, 'GU', 'Guam', 'Guamanian', NULL, NULL),
(90, 'GT', 'Guatemala', 'Guatemalan', NULL, NULL),
(91, 'GN', 'Guinea', 'Guinean', NULL, NULL),
(92, 'GW', 'Guinea-Bissau', 'Guinea-Bissauan', NULL, NULL),
(93, 'GY', 'Guyana', 'Guyanese', NULL, NULL),
(94, 'HT', 'Haiti', 'Haitian', NULL, NULL),
(95, 'HM', 'Heard and Mc Donald Islands', 'Heard and Mc Donald Islanders', NULL, NULL),
(96, 'HN', 'Honduras', 'Honduran', NULL, NULL),
(97, 'HK', 'Hong Kong', 'Hongkongese', NULL, NULL),
(98, 'HU', 'Hungary', 'Hungarian', NULL, NULL),
(99, 'IS', 'Iceland', 'Icelandic', NULL, NULL),
(100, 'IN', 'India', 'Indian', NULL, NULL),
(101, 'IM', 'Isle of Man', 'Manx', NULL, NULL),
(102, 'ID', 'Indonesia', 'Indonesian', NULL, NULL),
(103, 'IR', 'Iran', 'Iranian', NULL, NULL),
(104, 'IQ', 'Iraq', 'Iraqi', NULL, NULL),
(105, 'IE', 'Ireland', 'Irish', NULL, NULL),
(106, 'IL', 'Israel', 'Israeli', NULL, NULL),
(107, 'IT', 'Italy', 'Italian', NULL, NULL),
(108, 'CI', 'Ivory Coast', 'Ivory Coastian', NULL, NULL),
(109, 'JE', 'Jersey', 'Jersian', NULL, NULL),
(110, 'JM', 'Jamaica', 'Jamaican', NULL, NULL),
(111, 'JP', 'Japan', 'Japanese', NULL, NULL),
(112, 'JO', 'Jordan', 'Jordanian', NULL, NULL),
(113, 'KZ', 'Kazakhstan', 'Kazakh', NULL, NULL),
(114, 'KE', 'Kenya', 'Kenyan', NULL, NULL),
(115, 'KI', 'Kiribati', 'I-Kiribati', NULL, NULL),
(116, 'KP', 'Korea(North Korea)', 'North Korean', NULL, NULL),
(117, 'KR', 'Korea(South Korea)', 'South Korean', NULL, NULL),
(118, 'XK', 'Kosovo', 'Kosovar', NULL, NULL),
(119, 'KW', 'Kuwait', 'Kuwaiti', NULL, NULL),
(120, 'KG', 'Kyrgyzstan', 'Kyrgyzstani', NULL, NULL),
(121, 'LA', 'Lao PDR', 'Laotian', NULL, NULL),
(122, 'LV', 'Latvia', 'Latvian', NULL, NULL),
(123, 'LB', 'Lebanon', 'Lebanese', NULL, NULL),
(124, 'LS', 'Lesotho', 'Basotho', NULL, NULL),
(125, 'LR', 'Liberia', 'Liberian', NULL, NULL),
(126, 'LY', 'Libya', 'Libyan', NULL, NULL),
(127, 'LI', 'Liechtenstein', 'Liechtenstein', NULL, NULL),
(128, 'LT', 'Lithuania', 'Lithuanian', NULL, NULL),
(129, 'LU', 'Luxembourg', 'Luxembourger', NULL, NULL),
(130, 'LK', 'Sri Lanka', 'Sri Lankian', NULL, NULL),
(131, 'MO', 'Macau', 'Macanese', NULL, NULL),
(132, 'MK', 'Macedonia', 'Macedonian', NULL, NULL),
(133, 'MG', 'Madagascar', 'Malagasy', NULL, NULL),
(134, 'MW', 'Malawi', 'Malawian', NULL, NULL),
(135, 'MY', 'Malaysia', 'Malaysian', NULL, NULL),
(136, 'MV', 'Maldives', 'Maldivian', NULL, NULL),
(137, 'ML', 'Mali', 'Malian', NULL, NULL),
(138, 'MT', 'Malta', 'Maltese', NULL, NULL),
(139, 'MH', 'Marshall Islands', 'Marshallese', NULL, NULL),
(140, 'MQ', 'Martinique', 'Martiniquais', NULL, NULL),
(141, 'MR', 'Mauritania', 'Mauritanian', NULL, NULL),
(142, 'MU', 'Mauritius', 'Mauritian', NULL, NULL),
(143, 'YT', 'Mayotte', 'Mahoran', NULL, NULL),
(144, 'MX', 'Mexico', 'Mexican', NULL, NULL),
(145, 'FM', 'Micronesia', 'Micronesian', NULL, NULL),
(146, 'MD', 'Moldova', 'Moldovan', NULL, NULL),
(147, 'MC', 'Monaco', 'Monacan', NULL, NULL),
(148, 'MN', 'Mongolia', 'Mongolian', NULL, NULL),
(149, 'ME', 'Montenegro', 'Montenegrin', NULL, NULL),
(150, 'MS', 'Montserrat', 'Montserratian', NULL, NULL),
(151, 'MA', 'Morocco', 'Moroccan', NULL, NULL),
(152, 'MZ', 'Mozambique', 'Mozambican', NULL, NULL),
(153, 'MM', 'Myanmar', 'Myanmarian', NULL, NULL),
(154, 'NA', 'Namibia', 'Namibian', NULL, NULL),
(155, 'NR', 'Nauru', 'Nauruan', NULL, NULL),
(156, 'NP', 'Nepal', 'Nepalese', NULL, NULL),
(157, 'NL', 'Netherlands', 'Dutch', NULL, NULL),
(158, 'AN', 'Netherlands Antilles', 'Dutch Antilier', NULL, NULL),
(159, 'NC', 'New Caledonia', 'New Caledonian', NULL, NULL),
(160, 'NZ', 'New Zealand', 'New Zealander', NULL, NULL),
(161, 'NI', 'Nicaragua', 'Nicaraguan', NULL, NULL),
(162, 'NE', 'Niger', 'Nigerien', NULL, NULL),
(163, 'NG', 'Nigeria', 'Nigerian', NULL, NULL),
(164, 'NU', 'Niue', 'Niuean', NULL, NULL),
(165, 'NF', 'Norfolk Island', 'Norfolk Islander', NULL, NULL),
(166, 'MP', 'Northern Mariana Islands', 'Northern Marianan', NULL, NULL),
(167, 'NO', 'Norway', 'Norwegian', NULL, NULL),
(168, 'OM', 'Oman', 'Omani', NULL, NULL),
(169, 'PK', 'Pakistan', 'Pakistani', NULL, NULL),
(170, 'PW', 'Palau', 'Palauan', NULL, NULL),
(171, 'PS', 'Palestine', 'Palestinian', NULL, NULL),
(172, 'PA', 'Panama', 'Panamanian', NULL, NULL),
(173, 'PG', 'Papua New Guinea', 'Papua New Guinean', NULL, NULL),
(174, 'PY', 'Paraguay', 'Paraguayan', NULL, NULL),
(175, 'PE', 'Peru', 'Peruvian', NULL, NULL),
(176, 'PH', 'Philippines', 'Filipino', NULL, NULL),
(177, 'PN', 'Pitcairn', 'Pitcairn Islander', NULL, NULL),
(178, 'PL', 'Poland', 'Polish', NULL, NULL),
(179, 'PT', 'Portugal', 'Portuguese', NULL, NULL),
(180, 'PR', 'Puerto Rico', 'Puerto Rican', NULL, NULL),
(181, 'QA', 'Qatar', 'Qatari', NULL, NULL),
(182, 'RE', 'Reunion Island', 'Reunionese', NULL, NULL),
(183, 'RO', 'Romania', 'Romanian', NULL, NULL),
(184, 'RU', 'Russian', 'Russian', NULL, NULL),
(185, 'RW', 'Rwanda', 'Rwandan', NULL, NULL),
(186, 'KN', 'Saint Kitts and Nevis', 'Kittitian/Nevisian', NULL, NULL),
(187, 'MF', 'Saint Martin (French part)', 'St. Martian(French)', NULL, NULL),
(188, 'SX', 'Sint Maarten (Dutch part)', 'St. Martian(Dutch)', NULL, NULL),
(189, 'LC', 'Saint Pierre and Miquelon', 'St. Pierre and Miquelon', NULL, NULL),
(190, 'VC', 'Saint Vincent and the Grenadines', 'Saint Vincent and the Grenadines', NULL, NULL),
(191, 'WS', 'Samoa', 'Samoan', NULL, NULL),
(192, 'SM', 'San Marino', 'Sammarinese', NULL, NULL),
(193, 'ST', 'Sao Tome and Principe', 'Sao Tomean', NULL, NULL),
(194, 'SA', 'Saudi Arabia', 'Saudi Arabian', NULL, NULL),
(195, 'SN', 'Senegal', 'Senegalese', NULL, NULL),
(196, 'RS', 'Serbia', 'Serbian', NULL, NULL),
(197, 'SC', 'Seychelles', 'Seychellois', NULL, NULL),
(198, 'SL', 'Sierra Leone', 'Sierra Leonean', NULL, NULL),
(199, 'SG', 'Singapore', 'Singaporean', NULL, NULL),
(200, 'SK', 'Slovakia', 'Slovak', NULL, NULL),
(201, 'SI', 'Slovenia', 'Slovenian', NULL, NULL),
(202, 'SB', 'Solomon Islands', 'Solomon Island', NULL, NULL),
(203, 'SO', 'Somalia', 'Somali', NULL, NULL),
(204, 'ZA', 'South Africa', 'South African', NULL, NULL),
(205, 'GS', 'South Georgia and the South Sandwich', 'South Georgia and the South Sandwich', NULL, NULL),
(206, 'SS', 'South Sudan', 'South Sudanese', NULL, NULL),
(207, 'ES', 'Spain', 'Spanish', NULL, NULL),
(208, 'SH', 'Saint Helena', 'St. Helenian', NULL, NULL),
(209, 'SD', 'Sudan', 'Sudanese', NULL, NULL),
(210, 'SR', 'Suriname', 'Surinamese', NULL, NULL),
(211, 'SJ', 'Svalbard and Jan Mayen', 'Svalbardian/Jan Mayenian', NULL, NULL),
(212, 'SZ', 'Swaziland', 'Swazi', NULL, NULL),
(213, 'SE', 'Sweden', 'Swedish', NULL, NULL),
(214, 'CH', 'Switzerland', 'Swiss', NULL, NULL),
(215, 'SY', 'Syria', 'Syrian', NULL, NULL),
(216, 'TW', 'Taiwan', 'Taiwanese', NULL, NULL),
(217, 'TJ', 'Tajikistan', 'Tajikistani', NULL, NULL),
(218, 'TZ', 'Tanzania', 'Tanzanian', NULL, NULL),
(219, 'TH', 'Thailand', 'Thai', NULL, NULL),
(220, 'TL', 'Timor-Leste', 'Timor-Lestian', NULL, NULL),
(221, 'TG', 'Togo', 'Togolese', NULL, NULL),
(222, 'TK', 'Tokelau', 'Tokelaian', NULL, NULL),
(223, 'TO', 'Tonga', 'Tongan', NULL, NULL),
(224, 'TT', 'Trinidad and Tobago', 'Trinidadian/Tobagonian', NULL, NULL),
(225, 'TN', 'Tunisia', 'Tunisian', NULL, NULL),
(226, 'TR', 'Turkey', 'Turkish', NULL, NULL),
(227, 'TM', 'Turkmenistan', 'Turkmen', NULL, NULL),
(228, 'TC', 'Turks and Caicos Islands', 'Turks and Caicos Islands', NULL, NULL),
(229, 'TV', 'Tuvalu', 'Tuvaluan', NULL, NULL),
(230, 'UG', 'Uganda', 'Ugandan', NULL, NULL),
(231, 'UA', 'Ukraine', 'Ukrainian', NULL, NULL),
(232, 'AE', 'United Arab Emirates', 'Emirati', NULL, NULL),
(233, 'GB', 'United Kingdom', 'British', NULL, NULL),
(234, 'US', 'United States', 'American', NULL, NULL),
(235, 'UM', 'US Minor Outlying Islands', 'US Minor Outlying Islander', NULL, NULL),
(236, 'UY', 'Uruguay', 'Uruguayan', NULL, NULL),
(237, 'UZ', 'Uzbekistan', 'Uzbek', NULL, NULL),
(238, 'VU', 'Vanuatu', 'Vanuatuan', NULL, NULL),
(239, 'VE', 'Venezuela', 'Venezuelan', NULL, NULL),
(240, 'VN', 'Vietnam', 'Vietnamese', NULL, NULL),
(241, 'VI', 'Virgin Islands (U.S.)', 'American Virgin Islander', NULL, NULL),
(242, 'VA', 'Vatican City', 'Vatican', NULL, NULL),
(243, 'WF', 'Wallis and Futuna Islands', 'Wallisian/Futunan', NULL, NULL),
(244, 'EH', 'Western Sahara', 'Sahrawian', NULL, NULL),
(245, 'YE', 'Yemen', 'Yemeni', NULL, NULL),
(246, 'ZM', 'Zambia', 'Zambian', NULL, NULL),
(247, 'ZW', 'Zimbabwe', 'Zimbabwean', NULL, NULL);

--
-- Dumping data for table `permissions`
--

INSERT INTO `permissions` (`id`, `title`, `created_at`, `updated_at`, `deleted_at`) VALUES
(1, 'user_management_access', NULL, NULL, NULL),
(2, 'permission_create', NULL, NULL, NULL),
(3, 'permission_edit', NULL, NULL, NULL),
(4, 'permission_show', NULL, NULL, NULL),
(5, 'permission_delete', NULL, NULL, NULL),
(6, 'permission_access', NULL, NULL, NULL),
(7, 'role_create', NULL, NULL, NULL),
(8, 'role_edit', NULL, NULL, NULL),
(9, 'role_show', NULL, NULL, NULL),
(10, 'role_delete', NULL, NULL, NULL),
(11, 'role_access', NULL, NULL, NULL),
(12, 'user_create', NULL, NULL, NULL),
(13, 'user_edit', NULL, NULL, NULL),
(14, 'user_show', NULL, NULL, NULL),
(15, 'user_delete', NULL, NULL, NULL),
(16, 'user_access', NULL, NULL, NULL),
(17, 'country_create', NULL, NULL, NULL),
(18, 'country_edit', NULL, NULL, NULL),
(19, 'country_show', NULL, NULL, NULL),
(20, 'country_delete', NULL, NULL, NULL),
(21, 'country_access', NULL, NULL, NULL),
(22, 'industry_create', NULL, NULL, NULL),
(23, 'industry_edit', NULL, NULL, NULL),
(24, 'industry_show', NULL, NULL, NULL),
(25, 'industry_delete', NULL, NULL, NULL),
(26, 'industry_access', NULL, NULL, NULL),
(27, 'agent_create', NULL, NULL, NULL),
(28, 'agent_edit', NULL, NULL, NULL),
(29, 'agent_show', NULL, NULL, NULL),
(30, 'agent_delete', NULL, NULL, NULL),
(31, 'agent_access', NULL, NULL, NULL),
(32, 'employer_create', NULL, NULL, NULL),
(33, 'employer_edit', NULL, NULL, NULL),
(34, 'employer_show', NULL, NULL, NULL),
(35, 'employer_delete', NULL, NULL, NULL),
(36, 'employer_access', NULL, NULL, NULL),
(37, 'comment_create', '2019-12-07 07:16:10', '2019-12-07 07:16:10', NULL),
(38, 'comment_edit', '2019-12-07 07:16:25', '2019-12-07 07:16:25', NULL),
(39, 'comment_show', '2019-12-07 07:16:41', '2019-12-07 07:16:41', NULL),
(40, 'comment_delete', '2019-12-07 07:16:53', '2019-12-07 07:16:53', NULL),
(41, 'comment_access', '2019-12-07 07:17:05', '2019-12-07 07:17:05', NULL),
(42, 'setting_create', '2019-12-07 07:17:21', '2019-12-07 07:17:21', NULL),
(43, 'setting_edit', '2019-12-07 07:17:46', '2019-12-07 07:17:46', NULL),
(44, 'setting_show', '2019-12-07 07:18:02', '2019-12-07 07:18:02', NULL),
(45, 'setting_delete', '2019-12-07 07:18:16', '2019-12-07 07:18:16', NULL),
(46, 'setting_access', '2019-12-07 07:18:46', '2019-12-07 07:18:46', NULL),
(47, 'site_setting_access', '2019-12-07 07:19:09', '2019-12-07 07:19:09', NULL),
(48, 'experience_access', '2019-12-07 07:35:27', '2019-12-07 07:35:27', NULL),
(49, 'experience_delete', '2019-12-07 07:35:57', '2019-12-07 07:35:57', NULL),
(50, 'experience_show', '2019-12-07 07:36:20', '2019-12-07 07:36:20', NULL),
(51, 'experience_edit', '2019-12-07 07:36:33', '2019-12-07 07:36:33', NULL),
(52, 'experience_create', '2019-12-07 07:36:44', '2019-12-07 07:36:44', NULL),
(53, 'experience_edit', '2019-12-07 07:37:02', '2019-12-07 07:37:02', NULL),
(54, 'company_access', '2019-12-07 07:39:35', '2019-12-07 07:39:35', NULL),
(55, 'company_create', '2019-12-07 07:39:48', '2019-12-07 07:39:48', NULL),
(56, 'company_edit', '2019-12-07 07:39:58', '2019-12-07 07:39:58', NULL),
(57, 'company_delete', '2019-12-07 07:40:11', '2019-12-07 07:40:11', NULL),
(58, 'company_show', '2019-12-07 07:40:22', '2019-12-07 07:40:22', NULL),
(59, 'city_access', '2019-12-07 07:43:30', '2019-12-07 07:43:30', NULL),
(60, 'city_delete', '2019-12-07 07:43:57', '2019-12-07 07:43:57', NULL),
(61, 'city_show', '2019-12-07 07:44:13', '2019-12-07 07:44:13', NULL),
(62, 'city_edit', '2019-12-07 07:44:34', '2019-12-07 07:44:34', NULL),
(63, 'city_create', '2019-12-07 07:44:47', '2019-12-07 07:44:47', NULL),
(64, 'category_access', '2019-12-07 07:46:50', '2019-12-07 07:46:50', NULL),
(65, 'category_delete', '2019-12-07 07:47:08', '2019-12-07 07:47:08', NULL),
(66, 'category_show', '2019-12-07 07:47:26', '2019-12-07 07:47:26', NULL),
(67, 'category_create', '2019-12-07 07:48:20', '2019-12-07 07:48:20', NULL),
(68, 'visa_access', '2019-12-07 07:49:23', '2019-12-07 07:49:23', NULL),
(69, 'visa_delete', '2019-12-07 07:49:37', '2019-12-07 07:49:37', NULL),
(70, 'visa_show', '2019-12-07 07:49:55', '2019-12-07 07:49:55', NULL),
(71, 'visa_edit', '2019-12-07 07:50:09', '2019-12-07 07:50:09', NULL),
(72, 'visa_create', '2019-12-07 07:51:27', '2019-12-07 07:51:46', NULL),
(73, 'destination_access', '2019-12-07 07:58:40', '2019-12-07 07:58:40', NULL),
(74, 'destination_delete', '2019-12-07 07:58:57', '2019-12-07 07:58:57', NULL),
(75, 'destination_show', '2019-12-07 07:59:12', '2019-12-07 07:59:12', NULL),
(76, 'destination_edit', '2019-12-07 07:59:27', '2019-12-07 07:59:27', NULL),
(77, 'destination_create', '2019-12-07 07:59:51', '2019-12-07 07:59:51', NULL);

--
-- Dumping data for table `permission_role`
--

INSERT INTO `permission_role` (`role_id`, `permission_id`) VALUES
(1, 1),
(1, 2),
(1, 3),
(1, 4),
(1, 5),
(1, 6),
(1, 7),
(1, 8),
(1, 9),
(1, 10),
(1, 11),
(1, 12),
(1, 13),
(1, 14),
(1, 15),
(1, 16),
(1, 17),
(1, 18),
(1, 19),
(1, 20),
(1, 21),
(1, 22),
(1, 23),
(1, 24),
(1, 25),
(1, 26),
(1, 27),
(1, 28),
(1, 29),
(1, 30),
(1, 31),
(1, 32),
(1, 33),
(1, 34),
(1, 35),
(1, 36),
(2, 17),
(2, 18),
(2, 19),
(2, 20),
(2, 21),
(2, 22),
(2, 23),
(2, 24),
(2, 25),
(2, 26),
(2, 27),
(2, 28),
(2, 29),
(2, 30),
(2, 31),
(2, 32),
(2, 33),
(2, 34),
(2, 35),
(2, 36),
(1, 37),
(1, 38),
(1, 39),
(1, 40),
(1, 41),
(1, 42),
(1, 43),
(1, 44),
(1, 45),
(1, 46),
(1, 47),
(1, 48),
(1, 49),
(1, 50),
(1, 51),
(1, 52),
(1, 53),
(1, 54),
(1, 55),
(1, 56),
(1, 57),
(1, 58),
(1, 59),
(1, 60),
(1, 61),
(1, 62),
(1, 63),
(1, 64),
(1, 65),
(1, 66),
(1, 67),
(1, 68),
(1, 69),
(1, 70),
(1, 71),
(1, 72),
(1, 73),
(1, 74),
(1, 75),
(1, 76),
(1, 77);

--
-- Dumping data for table `roles`
--

INSERT INTO `roles` (`id`, `title`, `created_at`, `updated_at`, `deleted_at`) VALUES
(1, 'Admin', NULL, NULL, NULL),
(2, 'User', NULL, NULL, NULL);

--
-- Dumping data for table `role_user`
--

INSERT INTO `role_user` (`user_id`, `role_id`) VALUES
(1, 1),
(3, 1),
(2, 2);

--
-- Dumping data for table `users`
--

INSERT INTO `users` (`id`, `name`, `email`, `email_verified_at`, `password`, `remember_token`, `city`, `date_of_birth`, `gender`, `education_level`, `education_background`, `language_level`, `phone`, `facebook`, `skype`, `visa_type`, `expected_salary`, `date_of_leaving`, `created_at`, `updated_at`, `deleted_at`, `country_id`, `nationality_id`, `destination_country_id`, `employer_id`, `agents_id`, `indurstry_id`) VALUES
(1, 'Ratan Mia', 'admin@admin.com', '2019-12-15 07:00:00', '$2y$10$2ngkgALskNHicoDaOjMl6.Pl.vR9l61xAdBH/YY4rqpdIP6K3YwQm', 'DjbRJyODJGlMU3fEaWYw3rirC05vb9r0bqHPeupziwjgc3qqpFsyP8Y3BAXi', 'Dhaka', '2018-04-17', 'male', 'masters_degress', 'commerce', 'N1', '01751010966', 'shorifull.ratan', 'shorifull', NULL, NULL, NULL, NULL, '2019-12-28 12:32:07', NULL, 18, NULL, NULL, NULL, NULL, NULL),
(2, 'Shorifull Islam', 'shorifull@gmail.com', NULL, '$2y$10$7YS2AD49puH15RAyfg5/W.wlYeFsc1axVpIYhk9EJvS1okV2XD/zK', NULL, 'Dhaka', '2019-12-11', 'male', 'secondary_school', NULL, NULL, '01751010966', 'shorifull.ratan', 'shorifull', '3', '2000.00', '2019-12-28', '2019-12-18 02:38:16', '2019-12-18 04:09:53', NULL, 18, 24, 105, NULL, NULL, NULL);

--
-- Dumping data for table `users-old`
--

INSERT INTO `users-old` (`id`, `name`, `email`, `email_verified_at`, `password`, `remember_token`, `city`, `date_of_birth`, `gender`, `education_level`, `phone`, `facebook`, `skype`, `visa_type`, `expected_salary`, `date_of_leaving`, `created_at`, `updated_at`, `deleted_at`, `country_id`, `destination_country_id`, `employer_id`, `agents_id`, `indurstry_id`) VALUES
(1, 'Admin', 'admin@admin.com', NULL, '$2y$10$E30VNBsKe22QWzi0kba04OQK.hdrg34BUDDGqmC2DidrXjbpTEMQu', '2HcwjbJUQMacrfuJSpR1rUVvWo7CDKbzM5fcKlfrjNODstGSoQvreNDF7m4C', NULL, NULL, NULL, NULL, NULL, NULL, NULL, NULL, NULL, NULL, NULL, '2019-12-13 23:43:22', NULL, 18, NULL, NULL, NULL, NULL),
(2, 'Dewan Shajedur Rahman', 'ratan.mia@continental-motor.com', NULL, '$2y$10$aA.EEVecEwc2ieCNuUZaUeCU/B/awrSeXcmHMfBCnZJ.tG8nDJrPG', NULL, 'Dhaka', '2019-12-04', 'male', 'higher_secondary', '01713031718', NULL, NULL, NULL, NULL, NULL, '2019-12-08 11:55:13', '2019-12-08 11:55:13', NULL, 18, 4, NULL, NULL, NULL),
(3, 'Dewan Shajedur Rahman', 'sales@continental-motor.com', NULL, '$2y$10$thSeees1aH8JrjHHZcql7OfaiPQNlAMMIQpCAdjiyVWJFHY1Wh.R.', NULL, 'Dhaka', '2019-12-04', 'male', 'higher_secondary', '01713031718', NULL, NULL, NULL, NULL, NULL, '2019-12-08 12:00:12', '2019-12-08 12:00:12', NULL, 18, 4, NULL, NULL, NULL);

--
-- Dumping data for table `visas`
--

INSERT INTO `visas` (`id`, `name`, `type`, `countries_without_visa`, `duration`, `work_permit`, `working_limit`, `industries`, `language_traning`, `training_duration`, `countries_restrictred`, `created_at`, `updated_at`, `deleted_at`) VALUES
(1, 'Technical Intern Trainee', NULL, NULL, NULL, NULL, NULL, NULL, NULL, NULL, NULL, '2019-12-18 03:50:52', '2019-12-18 03:50:52', NULL),
(2, 'Specified Skilled Worker', NULL, NULL, NULL, NULL, NULL, NULL, NULL, NULL, NULL, '2019-12-18 03:51:19', '2019-12-18 03:51:19', NULL),
(3, 'Student Visa', NULL, NULL, NULL, NULL, NULL, NULL, NULL, NULL, NULL, '2019-12-18 04:05:54', '2019-12-18 04:05:54', NULL);

/*!40101 SET CHARACTER_SET_CLIENT=@OLD_CHARACTER_SET_CLIENT */;
/*!40101 SET CHARACTER_SET_RESULTS=@OLD_CHARACTER_SET_RESULTS */;
/*!40101 SET COLLATION_CONNECTION=@OLD_COLLATION_CONNECTION */;
